iterationNum,speakerAlpha,listenerAlpha,discountFactor,guessingEpsilon,time,                 speakerID,listenerID,intendedName, word1, word2, topSpeakerChoice,topListenerChoice,correctProb,correct,                 "=COUNTIF(O20:O100, "true")/COUNTIF(O20:O100, "false")"
0,3,3,0.8,0.01,0,1,2,threat,threat,coast,lipu,coast,0.32272189319963973,false
0,3,3,0.8,0.01,1,2,1,bag,bag,coast,nihatate,bag,0.9926007834913626,true
0,3,3,0.8,0.01,2,1,2,coast,coast,meter,lipu,meter,0.6874243485864053,false
0,3,3,0.8,0.01,3,2,1,shore,shore,cheek,qapamoma,shore,0.531793054414951,true
0,3,3,0.8,0.01,4,1,2,purse,purse,cheek,loqi,purse,0.27503074544390094,true
0,3,3,0.8,0.01,5,2,1,game,coast,game,falu,game,0.2888063185577205,true
0,3,3,0.8,0.01,6,1,2,purse,purse,threat,loqi,purse,0.9403867633619248,true
0,3,3,0.8,0.01,7,2,1,meter,shore,meter,loqi,shore,0.008959917060690378,false
0,3,3,0.8,0.01,8,1,2,danger,danger,cheek,fuwo,danger,0.7472195817361846,true
0,3,3,0.8,0.01,9,2,1,threat,threat,game,fuwo,game,0.2140775358035597,false
0,3,3,0.8,0.01,10,1,2,coast,purse,coast,lipu,purse,0.35372126682159466,false
0,3,3,0.8,0.01,11,2,1,vitamin,bag,vitamin,hene,vitamin,0.6538267701329182,true
0,3,3,0.8,0.01,12,1,2,bag,bag,danger,lipu,danger,0.0655357919812402,false
0,3,3,0.8,0.01,13,2,1,danger,danger,meter,lipu,danger,0.9008808074794846,true
0,3,3,0.8,0.01,14,1,2,vitamin,danger,vitamin,hene,vitamin,0.9999854336675724,true
0,3,3,0.8,0.01,15,2,1,meter,bag,meter,lipu,meter,0.8986178705408239,true
0,3,3,0.8,0.01,16,1,2,cheek,threat,cheek,fuwo,cheek,0.41768865673737626,true
0,3,3,0.8,0.01,17,2,1,purse,purse,vitamin,qapamoma,purse,0.9954396921154578,true
0,3,3,0.8,0.01,18,1,2,shore,shore,vitamin,qapamoma,shore,0.9714618383471116,true
0,3,3,0.8,0.01,19,2,1,meter,meter,vitamin,lipu,meter,0.9999392321709965,true
0,3,3,0.8,0.01,20,1,2,game,meter,game,hene,game,0.9999291756382301,true
0,3,3,0.8,0.01,21,2,1,shore,shore,coast,qapamoma,shore,0.9873619476283719,true
0,3,3,0.8,0.01,22,1,2,purse,purse,meter,hene,purse,0.9999549170832659,true
0,3,3,0.8,0.01,23,2,1,game,game,vitamin,hene,game,0.9620171771996101,true
0,3,3,0.8,0.01,24,1,2,threat,threat,meter,qapamoma,threat,0.9870302335991901,true
0,3,3,0.8,0.01,25,2,1,threat,threat,shore,qapamoma,threat,0.8980868423868733,true
0,3,3,0.8,0.01,26,1,2,game,purse,game,hene,game,0.9816122129392155,true
0,3,3,0.8,0.01,27,2,1,danger,danger,shore,nihatate,danger,0.3722780184431148,true
0,3,3,0.8,0.01,28,1,2,danger,purse,danger,nihatate,danger,0.9976821575325913,true
0,3,3,0.8,0.01,29,2,1,cheek,coast,cheek,loqi,coast,0.42438443585623226,false
0,3,3,0.8,0.01,30,1,2,coast,danger,coast,falu,danger,0.20754415384068883,false
0,3,3,0.8,0.01,31,2,1,vitamin,coast,vitamin,falu,vitamin,0.6548724735569426,true
0,3,3,0.8,0.01,32,1,2,vitamin,threat,vitamin,falu,vitamin,0.9999849773820382,true
0,3,3,0.8,0.01,33,2,1,bag,bag,cheek,hene,cheek,0.08331547302141032,false
0,3,3,0.8,0.01,34,1,2,danger,danger,game,nihatate,danger,0.9224577463610617,true
0,3,3,0.8,0.01,35,2,1,bag,bag,shore,fuwo,bag,0.6281902437617758,true
0,3,3,0.8,0.01,36,1,2,shore,shore,game,lipu,shore,0.41058104570074805,true
0,3,3,0.8,0.01,37,2,1,cheek,meter,cheek,hene,cheek,0.6721860891252743,true
0,3,3,0.8,0.01,38,1,2,bag,bag,threat,fuwo,bag,0.9751352893508388,true
0,3,3,0.8,0.01,39,2,1,purse,purse,bag,fuwo,bag,0.007520605951984318,false
0,3,3,0.8,0.01,40,1,2,game,bag,game,lipu,game,0.9999936553312359,true
0,3,3,0.8,0.01,41,2,1,shore,purse,shore,lipu,shore,0.1498717783108988,true
0,3,3,0.8,0.01,42,1,2,threat,danger,threat,hene,danger,0.6136183019213732,false
0,3,3,0.8,0.01,43,2,1,cheek,vitamin,cheek,falu,vitamin,0.8128751960020639,false
0,3,3,0.8,0.01,44,1,2,cheek,game,cheek,fuwo,game,0.0020143443477734966,false
0,3,3,0.8,0.01,45,2,1,bag,bag,coast,fuwo,bag,0.8686970880162598,true
0,3,3,0.8,0.01,46,1,2,bag,bag,threat,fuwo,bag,0.9996260304722524,true
0,3,3,0.8,0.01,47,2,1,game,meter,game,lipu,game,0.8952918123199737,true
0,3,3,0.8,0.01,48,1,2,bag,bag,game,fuwo,bag,0.9999999960240267,true
0,3,3,0.8,0.01,49,2,1,vitamin,bag,vitamin,loqi,vitamin,0.9999647449221833,true
0,3,3,0.8,0.01,50,1,2,bag,purse,bag,fuwo,bag,0.9885008732237411,true
0,3,3,0.8,0.01,51,2,1,bag,bag,game,fuwo,bag,0.9999151748854073,true
0,3,3,0.8,0.01,52,1,2,purse,purse,shore,falu,purse,0.8576374042226403,true
0,3,3,0.8,0.01,53,2,1,game,game,cheek,lipu,game,0.9231359001959424,true
0,3,3,0.8,0.01,54,1,2,danger,bag,danger,lipu,danger,0.9986170955993798,true
0,3,3,0.8,0.01,55,2,1,coast,threat,coast,hene,coast,0.5798625254605748,true
0,3,3,0.8,0.01,56,1,2,threat,threat,shore,qapamoma,threat,0.8658787678605611,true
0,3,3,0.8,0.01,57,2,1,shore,shore,coast,falu,coast,0.48201676732071835,false
0,3,3,0.8,0.01,58,1,2,danger,danger,cheek,lipu,danger,0.9919724947458783,true
0,3,3,0.8,0.01,59,2,1,meter,threat,meter,loqi,meter,0.9799914993430566,true
0,3,3,0.8,0.01,60,1,2,cheek,purse,cheek,loqi,purse,0.18762461647319362,false
0,3,3,0.8,0.01,61,2,1,game,game,cheek,falu,game,0.7974624537488952,true
0,3,3,0.8,0.01,62,1,2,danger,danger,threat,lipu,danger,0.8835658984065222,true
0,3,3,0.8,0.01,63,2,1,purse,purse,shore,nihatate,shore,0.04120007735158885,false
0,3,3,0.8,0.01,64,1,2,threat,threat,coast,qapamoma,threat,0.965243086375935,true
0,3,3,0.8,0.01,65,2,1,shore,bag,shore,nihatate,bag,0.17901257127232864,false
0,3,3,0.8,0.01,66,1,2,meter,purse,meter,hene,purse,0.2843220391766959,false
0,3,3,0.8,0.01,67,2,1,danger,danger,game,lipu,danger,0.5471549426979875,true
0,3,3,0.8,0.01,68,1,2,game,shore,game,falu,game,0.9560594491832928,true
0,3,3,0.8,0.01,69,2,1,purse,purse,danger,nihatate,purse,0.9090222254300788,true
0,3,3,0.8,0.01,70,1,2,shore,shore,meter,nihatate,shore,0.3734169740623878,true
0,3,3,0.8,0.01,71,2,1,vitamin,game,vitamin,loqi,vitamin,0.999335903679681,true
0,3,3,0.8,0.01,72,1,2,meter,meter,game,lipu,meter,0.7554535985634577,true
0,3,3,0.8,0.01,73,2,1,coast,coast,vitamin,lipu,vitamin,0.08004022394300743,false
0,3,3,0.8,0.01,74,1,2,coast,coast,game,loqi,game,0.2256193420740862,false
0,3,3,0.8,0.01,75,2,1,shore,shore,game,fuwo,shore,0.9999583451989269,true
0,3,3,0.8,0.01,76,1,2,bag,bag,shore,hene,bag,0.9170332940307419,true
0,3,3,0.8,0.01,77,2,1,vitamin,meter,vitamin,lipu,meter,0.2537091444647383,false
0,3,3,0.8,0.01,78,1,2,danger,danger,threat,nihatate,threat,0.5895572244055599,false
0,3,3,0.8,0.01,79,2,1,danger,danger,meter,nihatate,danger,0.843113939682805,true
0,3,3,0.8,0.01,80,1,2,shore,shore,cheek,fuwo,shore,0.96441799668104,true
0,3,3,0.8,0.01,81,2,1,danger,danger,vitamin,nihatate,vitamin,0.8184522403344221,false
0,3,3,0.8,0.01,82,1,2,meter,danger,meter,falu,danger,0.0084068174778227,false
0,3,3,0.8,0.01,83,2,1,coast,coast,meter,loqi,coast,0.43720271029081714,true
0,3,3,0.8,0.01,84,1,2,game,coast,game,qapamoma,game,0.995201785258487,true
0,3,3,0.8,0.01,85,2,1,shore,shore,meter,fuwo,shore,0.9788732743369506,true
0,3,3,0.8,0.01,86,1,2,game,game,vitamin,qapamoma,game,0.9999559555770388,true
0,3,3,0.8,0.01,87,2,1,game,threat,game,qapamoma,game,0.9999951029721369,true
0,3,3,0.8,0.01,88,1,2,meter,meter,cheek,lipu,meter,0.8226160430920175,true
0,3,3,0.8,0.01,89,2,1,purse,purse,game,falu,purse,0.9999796291349801,true
0,3,3,0.8,0.01,90,1,2,vitamin,danger,vitamin,loqi,danger,0.28063990360331154,false
0,3,3,0.8,0.01,91,2,1,purse,purse,coast,falu,purse,0.921745670537641,true
0,3,3,0.8,0.01,92,1,2,purse,purse,game,falu,purse,0.9999999532647583,true
0,3,3,0.8,0.01,93,2,1,meter,bag,meter,fuwo,bag,0.0002377561426928479,false
0,3,3,0.8,0.01,94,1,2,shore,shore,vitamin,fuwo,vitamin,0.6035838966838466,false
0,3,3,0.8,0.01,95,2,1,danger,danger,cheek,lipu,cheek,0.03157621692929171,false
0,3,3,0.8,0.01,96,1,2,cheek,threat,cheek,hene,threat,0.00003235289013113844,false
0,3,3,0.8,0.01,97,2,1,bag,bag,danger,fuwo,bag,0.34671376843356966,true
0,3,3,0.8,0.01,98,1,2,bag,bag,vitamin,fuwo,bag,0.999425002844846,true
0,3,3,0.8,0.01,99,2,1,shore,shore,coast,lipu,shore,0.6169465615786491,true
0,3,3,0.8,0.01,100,1,2,purse,purse,bag,nihatate,purse,0.9954381646279344,true
0,3,3,0.8,0.01,101,2,1,vitamin,threat,vitamin,loqi,vitamin,0.3312186478043828,true
0,3,3,0.8,0.01,102,1,2,cheek,meter,cheek,qapamoma,cheek,0.4023818040873257,true
0,3,3,0.8,0.01,103,2,1,coast,danger,coast,falu,coast,0.6503483065092857,true
0,3,3,0.8,0.01,104,1,2,meter,bag,meter,lipu,meter,0.6105800057377919,true
0,3,3,0.8,0.01,105,2,1,shore,danger,shore,fuwo,danger,0.9259578960686249,false
0,3,3,0.8,0.01,106,1,2,cheek,shore,cheek,qapamoma,cheek,0.9965060970111062,true
0,3,3,0.8,0.01,107,2,1,vitamin,coast,vitamin,loqi,vitamin,0.6812632131579079,true
0,3,3,0.8,0.01,108,1,2,cheek,purse,cheek,qapamoma,cheek,0.9999174524024406,true
0,3,3,0.8,0.01,109,2,1,coast,coast,cheek,falu,coast,0.9999981007216785,true
0,3,3,0.8,0.01,110,1,2,cheek,coast,cheek,qapamoma,cheek,0.9999999593423613,true
0,3,3,0.8,0.01,111,2,1,threat,threat,vitamin,nihatate,vitamin,0.3946431206123705,false
0,3,3,0.8,0.01,112,1,2,vitamin,vitamin,cheek,loqi,vitamin,0.9999498891373513,true
0,3,3,0.8,0.01,113,2,1,purse,purse,meter,hene,meter,0.5720347556857944,false
0,3,3,0.8,0.01,114,1,2,game,danger,game,falu,danger,0.7129163289096679,false
0,3,3,0.8,0.01,115,2,1,coast,coast,meter,falu,coast,0.9895883623245244,true
0,3,3,0.8,0.01,116,1,2,game,threat,game,falu,game,0.9967745451119219,true
0,3,3,0.8,0.01,117,2,1,danger,danger,coast,qapamoma,coast,0.040125681125328244,false
0,3,3,0.8,0.01,118,1,2,threat,threat,cheek,hene,cheek,0.0827534055154302,false
0,3,3,0.8,0.01,119,2,1,cheek,bag,cheek,loqi,bag,0.000025311325723146553,false
0,3,3,0.8,0.01,120,1,2,shore,shore,vitamin,lipu,vitamin,0.16809229931921738,false
1,3,3,0.8,0.01,0,1,2,threat,threat,coast,qapamoma,coast,0.5038230430319679,false
1,3,3,0.8,0.01,1,2,1,bag,bag,coast,lipu,bag,0.9996805111976313,true
1,3,3,0.8,0.01,2,1,2,coast,coast,meter,qapamoma,meter,0.40166306628185505,false
1,3,3,0.8,0.01,3,2,1,shore,shore,cheek,hene,cheek,0.5272657659491187,false
1,3,3,0.8,0.01,4,1,2,purse,purse,cheek,lipu,purse,0.999994132371654,true
1,3,3,0.8,0.01,5,2,1,game,coast,game,falu,coast,0.3530594015799652,false
1,3,3,0.8,0.01,6,1,2,purse,purse,threat,lipu,purse,0.9965477852388033,true
1,3,3,0.8,0.01,7,2,1,meter,shore,meter,loqi,shore,0.0055514944012541164,false
1,3,3,0.8,0.01,8,1,2,danger,danger,cheek,fuwo,danger,0.9970175316501674,true
1,3,3,0.8,0.01,9,2,1,threat,threat,game,nihatate,game,0.4162718302998183,false
1,3,3,0.8,0.01,10,1,2,coast,purse,coast,falu,coast,0.7162250417019784,true
1,3,3,0.8,0.01,11,2,1,vitamin,bag,vitamin,fuwo,vitamin,0.663844795781485,true
1,3,3,0.8,0.01,12,1,2,bag,bag,danger,nihatate,bag,0.10180257862612094,true
1,3,3,0.8,0.01,13,2,1,danger,danger,meter,loqi,meter,0.013622882657194146,false
1,3,3,0.8,0.01,14,1,2,vitamin,danger,vitamin,fuwo,vitamin,0.9894685125253223,true
1,3,3,0.8,0.01,15,2,1,meter,bag,meter,loqi,meter,0.9918727222914597,true
1,3,3,0.8,0.01,16,1,2,cheek,threat,cheek,falu,threat,0.3210064754279847,false
1,3,3,0.8,0.01,17,2,1,purse,purse,vitamin,falu,purse,0.9983185115641481,true
1,3,3,0.8,0.01,18,1,2,shore,shore,vitamin,hene,vitamin,0.9746966481331553,false
1,3,3,0.8,0.01,19,2,1,meter,meter,vitamin,loqi,meter,0.9999996907849286,true
1,3,3,0.8,0.01,20,1,2,game,meter,game,nihatate,game,0.9997638362444226,true
1,3,3,0.8,0.01,21,2,1,shore,shore,coast,falu,shore,0.6168260415094765,true
1,3,3,0.8,0.01,22,1,2,purse,purse,meter,lipu,purse,0.9999585242526039,true
1,3,3,0.8,0.01,23,2,1,game,game,vitamin,nihatate,game,0.9999867395981106,true
1,3,3,0.8,0.01,24,1,2,threat,threat,meter,qapamoma,threat,0.9949069192442744,true
1,3,3,0.8,0.01,25,2,1,threat,threat,shore,qapamoma,threat,0.9986460459372557,true
1,3,3,0.8,0.01,26,1,2,game,purse,game,nihatate,game,0.9999641242434183,true
1,3,3,0.8,0.01,27,2,1,danger,danger,shore,loqi,danger,0.5030430225044292,true
1,3,3,0.8,0.01,28,1,2,danger,purse,danger,loqi,danger,0.9892818678392423,true
1,3,3,0.8,0.01,29,2,1,cheek,coast,cheek,qapamoma,cheek,0.4621144458440395,true
1,3,3,0.8,0.01,30,1,2,coast,danger,coast,fuwo,coast,0.980961255661971,true
1,3,3,0.8,0.01,31,2,1,vitamin,coast,vitamin,lipu,vitamin,0.999215301732952,true
1,3,3,0.8,0.01,32,1,2,vitamin,threat,vitamin,lipu,vitamin,0.9996507038980819,true
1,3,3,0.8,0.01,33,2,1,bag,bag,cheek,falu,bag,0.707588085422994,true
1,3,3,0.8,0.01,34,1,2,danger,danger,game,loqi,danger,0.9978478552539696,true
1,3,3,0.8,0.01,35,2,1,bag,bag,shore,falu,bag,0.9934523546464373,true
1,3,3,0.8,0.01,36,1,2,shore,shore,game,nihatate,game,0.13909045051004149,false
1,3,3,0.8,0.01,37,2,1,cheek,meter,cheek,qapamoma,cheek,0.8905051164232948,true
1,3,3,0.8,0.01,38,1,2,bag,bag,threat,nihatate,threat,0.0011482958252778115,false
1,3,3,0.8,0.01,39,2,1,purse,purse,bag,lipu,bag,0.42221589752795463,false
1,3,3,0.8,0.01,40,1,2,game,bag,game,nihatate,game,0.9119137646609559,true
1,3,3,0.8,0.01,41,2,1,shore,purse,shore,loqi,purse,0.021847163062562302,false
1,3,3,0.8,0.01,42,1,2,threat,danger,threat,loqi,danger,0.1758912412010456,false
1,3,3,0.8,0.01,43,2,1,cheek,vitamin,cheek,qapamoma,cheek,0.9818937989705316,true
1,3,3,0.8,0.01,44,1,2,cheek,game,cheek,qapamoma,cheek,0.999997520472268,true
1,3,3,0.8,0.01,45,2,1,bag,bag,coast,lipu,bag,0.6969963101701964,true
1,3,3,0.8,0.01,46,1,2,bag,bag,threat,qapamoma,threat,0.00050697830773968,false
1,3,3,0.8,0.01,47,2,1,game,meter,game,nihatate,game,0.9582075690479648,true
1,3,3,0.8,0.01,48,1,2,bag,bag,game,lipu,bag,0.9999998234669198,true
1,3,3,0.8,0.01,49,2,1,vitamin,bag,vitamin,lipu,bag,0.0003931566261217885,false
1,3,3,0.8,0.01,50,1,2,bag,purse,bag,lipu,bag,0.9971987572258059,true
1,3,3,0.8,0.01,51,2,1,bag,bag,game,lipu,bag,0.9999994197378468,true
1,3,3,0.8,0.01,52,1,2,purse,purse,shore,loqi,purse,0.9604041514304994,true
1,3,3,0.8,0.01,53,2,1,game,game,cheek,nihatate,game,0.9955421059212153,true
1,3,3,0.8,0.01,54,1,2,danger,bag,danger,fuwo,danger,0.9999550341781329,true
1,3,3,0.8,0.01,55,2,1,coast,threat,coast,fuwo,coast,0.5724427023792701,true
1,3,3,0.8,0.01,56,1,2,threat,threat,shore,falu,threat,0.9740466711366882,true
1,3,3,0.8,0.01,57,2,1,shore,shore,coast,falu,coast,0.1664709029850037,false
1,3,3,0.8,0.01,58,1,2,danger,danger,cheek,falu,danger,0.9909499544725023,true
1,3,3,0.8,0.01,59,2,1,meter,threat,meter,nihatate,meter,0.8923780580477114,true
1,3,3,0.8,0.01,60,1,2,cheek,purse,cheek,qapamoma,cheek,0.6650269676672849,true
1,3,3,0.8,0.01,61,2,1,game,game,cheek,fuwo,game,0.9999199008647105,true
1,3,3,0.8,0.01,62,1,2,danger,danger,threat,falu,threat,0.577975206615944,false
1,3,3,0.8,0.01,63,2,1,purse,purse,shore,loqi,shore,0.14534960691035204,false
1,3,3,0.8,0.01,64,1,2,threat,threat,coast,falu,threat,0.9886796937115104,true
1,3,3,0.8,0.01,65,2,1,shore,bag,shore,loqi,bag,0.24172858052880458,false
1,3,3,0.8,0.01,66,1,2,meter,purse,meter,qapamoma,purse,0.16242005055542572,false
1,3,3,0.8,0.01,67,2,1,danger,danger,game,falu,game,0.025271925865409394,false
1,3,3,0.8,0.01,68,1,2,game,shore,game,lipu,shore,0.0002996929169943171,false
1,3,3,0.8,0.01,69,2,1,purse,purse,danger,loqi,purse,0.21290940179325113,true
1,3,3,0.8,0.01,70,1,2,shore,shore,meter,lipu,meter,0.349439429984704,false
1,3,3,0.8,0.01,71,2,1,vitamin,game,vitamin,fuwo,game,0.09666561152712846,false
1,3,3,0.8,0.01,72,1,2,meter,meter,game,lipu,meter,0.8902029369139695,true
1,3,3,0.8,0.01,73,2,1,coast,coast,vitamin,fuwo,vitamin,0.0030833613667338375,false
1,3,3,0.8,0.01,74,1,2,coast,coast,game,lipu,coast,0.5374726446956959,true
1,3,3,0.8,0.01,75,2,1,shore,shore,game,lipu,shore,0.9793272758872806,true
1,3,3,0.8,0.01,76,1,2,bag,bag,shore,loqi,bag,0.9990966516196301,true
1,3,3,0.8,0.01,77,2,1,vitamin,meter,vitamin,fuwo,vitamin,0.9999091598926972,true
1,3,3,0.8,0.01,78,1,2,danger,danger,threat,qapamoma,threat,0.3521139284724873,false
1,3,3,0.8,0.01,79,2,1,danger,danger,meter,qapamoma,danger,0.8867356799726869,true
1,3,3,0.8,0.01,80,1,2,shore,shore,cheek,lipu,shore,0.9915477769824572,true
1,3,3,0.8,0.01,81,2,1,danger,danger,vitamin,qapamoma,vitamin,0.8971395206145317,false
1,3,3,0.8,0.01,82,1,2,meter,danger,meter,falu,meter,0.7608953712557307,true
1,3,3,0.8,0.01,83,2,1,coast,coast,meter,lipu,coast,0.9999962161148732,true
1,3,3,0.8,0.01,84,1,2,game,coast,game,hene,game,0.9996668188853329,true
1,3,3,0.8,0.01,85,2,1,shore,shore,meter,lipu,shore,0.9999960355196027,true
1,3,3,0.8,0.01,86,1,2,game,game,vitamin,hene,game,0.9999782821031722,true
1,3,3,0.8,0.01,87,2,1,game,threat,game,hene,game,0.9999841619557134,true
1,3,3,0.8,0.01,88,1,2,meter,meter,cheek,falu,meter,0.9717942248398782,true
1,3,3,0.8,0.01,89,2,1,purse,purse,game,fuwo,purse,0.9999924877074413,true
1,3,3,0.8,0.01,90,1,2,vitamin,danger,vitamin,loqi,danger,0.3625875688758833,false
1,3,3,0.8,0.01,91,2,1,purse,purse,coast,fuwo,purse,0.9927963370356017,true
1,3,3,0.8,0.01,92,1,2,purse,purse,game,fuwo,purse,0.9999996704106656,true
1,3,3,0.8,0.01,93,2,1,meter,bag,meter,falu,meter,0.9553087100036288,true
1,3,3,0.8,0.01,94,1,2,shore,shore,vitamin,lipu,vitamin,0.6600509252113962,false
1,3,3,0.8,0.01,95,2,1,danger,danger,cheek,hene,cheek,0.11736402143495803,false
1,3,3,0.8,0.01,96,1,2,cheek,threat,cheek,falu,threat,0.000017605898746662424,false
1,3,3,0.8,0.01,97,2,1,bag,bag,danger,loqi,bag,0.1001739003222772,true
1,3,3,0.8,0.01,98,1,2,bag,bag,vitamin,qapamoma,vitamin,0.008588307791004954,false
1,3,3,0.8,0.01,99,2,1,shore,shore,coast,lipu,shore,0.5986240956427008,true
1,3,3,0.8,0.01,100,1,2,purse,purse,bag,fuwo,purse,0.9804227914676199,true
1,3,3,0.8,0.01,101,2,1,vitamin,threat,vitamin,lipu,threat,0.03145352979299942,false
1,3,3,0.8,0.01,102,1,2,cheek,meter,cheek,nihatate,cheek,0.699302060932205,true
1,3,3,0.8,0.01,103,2,1,coast,danger,coast,hene,danger,0.32732747462346656,false
1,3,3,0.8,0.01,104,1,2,meter,bag,meter,qapamoma,bag,0.13038183006302384,false
1,3,3,0.8,0.01,105,2,1,shore,danger,shore,lipu,shore,0.974628859368419,true
1,3,3,0.8,0.01,106,1,2,cheek,shore,cheek,nihatate,cheek,0.9999637448548414,true
1,3,3,0.8,0.01,107,2,1,vitamin,coast,vitamin,falu,coast,0.05370613126071214,false
1,3,3,0.8,0.01,108,1,2,cheek,purse,cheek,nihatate,cheek,0.9997312084965948,true
1,3,3,0.8,0.01,109,2,1,coast,coast,cheek,falu,coast,0.9999961042312416,true
1,3,3,0.8,0.01,110,1,2,cheek,coast,cheek,nihatate,cheek,0.9999999869349826,true
1,3,3,0.8,0.01,111,2,1,threat,threat,vitamin,hene,vitamin,0.09860209811293588,false
1,3,3,0.8,0.01,112,1,2,vitamin,vitamin,cheek,falu,cheek,0.2206362876800314,false
1,3,3,0.8,0.01,113,2,1,purse,purse,meter,lipu,purse,0.5585213162021002,true
1,3,3,0.8,0.01,114,1,2,game,danger,game,qapamoma,game,0.5639907894533708,true
1,3,3,0.8,0.01,115,2,1,coast,coast,meter,falu,coast,0.9789701575191011,true
1,3,3,0.8,0.01,116,1,2,game,threat,game,qapamoma,game,0.9995939894432742,true
1,3,3,0.8,0.01,117,2,1,danger,danger,coast,lipu,coast,0.19068173364113206,false
1,3,3,0.8,0.01,118,1,2,threat,threat,cheek,loqi,threat,0.8683961790295514,true
1,3,3,0.8,0.01,119,2,1,cheek,bag,cheek,nihatate,cheek,0.939485014169628,true
1,3,3,0.8,0.01,120,1,2,shore,shore,vitamin,hene,vitamin,0.04640600420498346,false
2,3,3,0.8,0.01,0,1,2,threat,threat,coast,qapamoma,threat,0.42093469851872156,true
2,3,3,0.8,0.01,1,2,1,bag,bag,coast,nihatate,coast,0.43426060909922765,false
2,3,3,0.8,0.01,2,1,2,coast,coast,meter,lipu,meter,0.0021727825607947312,false
2,3,3,0.8,0.01,3,2,1,shore,shore,cheek,falu,cheek,0.5868338753631224,false
2,3,3,0.8,0.01,4,1,2,purse,purse,cheek,fuwo,purse,0.9997641415904456,true
2,3,3,0.8,0.01,5,2,1,game,coast,game,fuwo,coast,0.1697222777544261,false
2,3,3,0.8,0.01,6,1,2,purse,purse,threat,fuwo,purse,0.9928329995482778,true
2,3,3,0.8,0.01,7,2,1,meter,shore,meter,nihatate,shore,0.02250892142709092,false
2,3,3,0.8,0.01,8,1,2,danger,danger,cheek,falu,cheek,0.015579137389871487,false
2,3,3,0.8,0.01,9,2,1,threat,threat,game,qapamoma,game,0.2568467523593295,false
2,3,3,0.8,0.01,10,1,2,coast,purse,coast,qapamoma,purse,0.049849634195340206,false
2,3,3,0.8,0.01,11,2,1,vitamin,bag,vitamin,hene,vitamin,0.7317865315461135,true
2,3,3,0.8,0.01,12,1,2,bag,bag,danger,lipu,danger,0.2900393843723996,false
2,3,3,0.8,0.01,13,2,1,danger,danger,meter,loqi,meter,0.006351823444135393,false
2,3,3,0.8,0.01,14,1,2,vitamin,danger,vitamin,hene,vitamin,0.9973571666038069,true
2,3,3,0.8,0.01,15,2,1,meter,bag,meter,loqi,meter,0.7994432431899282,true
2,3,3,0.8,0.01,16,1,2,cheek,threat,cheek,falu,threat,0.37014311744311346,false
2,3,3,0.8,0.01,17,2,1,purse,purse,vitamin,fuwo,purse,0.9996640501079871,true
2,3,3,0.8,0.01,18,1,2,shore,shore,vitamin,qapamoma,shore,0.9917786336168669,true
2,3,3,0.8,0.01,19,2,1,meter,meter,vitamin,loqi,meter,0.999985238700712,true
2,3,3,0.8,0.01,20,1,2,game,meter,game,lipu,game,0.9999395542771968,true
2,3,3,0.8,0.01,21,2,1,shore,shore,coast,qapamoma,shore,0.9896089364229951,true
2,3,3,0.8,0.01,22,1,2,purse,purse,meter,qapamoma,purse,0.9969222983223309,true
2,3,3,0.8,0.01,23,2,1,game,game,vitamin,lipu,game,0.9992824749175988,true
2,3,3,0.8,0.01,24,1,2,threat,threat,meter,loqi,meter,0.0010810103355597446,false
2,3,3,0.8,0.01,25,2,1,threat,threat,shore,loqi,shore,0.7016671777227834,false
2,3,3,0.8,0.01,26,1,2,game,purse,game,lipu,game,0.9992163750792623,true
2,3,3,0.8,0.01,27,2,1,danger,danger,shore,qapamoma,shore,0.11591652321373934,false
2,3,3,0.8,0.01,28,1,2,danger,purse,danger,qapamoma,danger,0.38492871353677216,true
2,3,3,0.8,0.01,29,2,1,cheek,coast,cheek,falu,coast,0.2807294712431108,false
2,3,3,0.8,0.01,30,1,2,coast,danger,coast,loqi,danger,0.00009531313426130295,false
2,3,3,0.8,0.01,31,2,1,vitamin,coast,vitamin,hene,vitamin,0.45503475876484334,true
2,3,3,0.8,0.01,32,1,2,vitamin,threat,vitamin,hene,vitamin,0.9995887721239647,true
2,3,3,0.8,0.01,33,2,1,bag,bag,cheek,qapamoma,cheek,0.30483940435100026,false
2,3,3,0.8,0.01,34,1,2,danger,danger,game,qapamoma,danger,0.8623592549241702,true
2,3,3,0.8,0.01,35,2,1,bag,bag,shore,loqi,bag,0.9380121022638347,true
2,3,3,0.8,0.01,36,1,2,shore,shore,game,lipu,game,0.15441124492969632,false
2,3,3,0.8,0.01,37,2,1,cheek,meter,cheek,qapamoma,cheek,0.6600029204920266,true
2,3,3,0.8,0.01,38,1,2,bag,bag,threat,hene,threat,0.001956539770409589,false
2,3,3,0.8,0.01,39,2,1,purse,purse,bag,loqi,bag,0.18437660673363357,false
2,3,3,0.8,0.01,40,1,2,game,bag,game,lipu,game,0.9999733509154302,true
2,3,3,0.8,0.01,41,2,1,shore,purse,shore,hene,purse,0.17199085589571506,false
2,3,3,0.8,0.01,42,1,2,threat,danger,threat,hene,danger,0.42146445576140446,false
2,3,3,0.8,0.01,43,2,1,cheek,vitamin,cheek,qapamoma,cheek,0.9307304409420848,true
2,3,3,0.8,0.01,44,1,2,cheek,game,cheek,qapamoma,cheek,0.9999795104621949,true
2,3,3,0.8,0.01,45,2,1,bag,bag,coast,loqi,coast,0.8687536633136402,false
2,3,3,0.8,0.01,46,1,2,bag,bag,threat,loqi,threat,0.0782151206199682,false
2,3,3,0.8,0.01,47,2,1,game,meter,game,qapamoma,meter,0.055937205665736824,false
2,3,3,0.8,0.01,48,1,2,bag,bag,game,fuwo,bag,0.4930803666081666,true
2,3,3,0.8,0.01,49,2,1,vitamin,bag,vitamin,qapamoma,bag,0.8282428850505701,false
2,3,3,0.8,0.01,50,1,2,bag,purse,bag,fuwo,bag,0.6725382601031873,true
2,3,3,0.8,0.01,51,2,1,bag,bag,game,fuwo,bag,0.998639411588473,true
2,3,3,0.8,0.01,52,1,2,purse,purse,shore,nihatate,purse,0.6103649868056668,true
2,3,3,0.8,0.01,53,2,1,game,game,cheek,lipu,game,0.796416693489906,true
2,3,3,0.8,0.01,54,1,2,danger,bag,danger,fuwo,bag,0.0006227913817991718,false
2,3,3,0.8,0.01,55,2,1,coast,threat,coast,loqi,coast,0.33654460961803206,true
2,3,3,0.8,0.01,56,1,2,threat,threat,shore,fuwo,threat,0.9851702024740131,true
2,3,3,0.8,0.01,57,2,1,shore,shore,coast,nihatate,shore,0.5069935102696536,true
2,3,3,0.8,0.01,58,1,2,danger,danger,cheek,falu,danger,0.8663378870938633,true
2,3,3,0.8,0.01,59,2,1,meter,threat,meter,lipu,meter,0.9908839556647796,true
2,3,3,0.8,0.01,60,1,2,cheek,purse,cheek,loqi,purse,0.13023592056877897,false
2,3,3,0.8,0.01,61,2,1,game,game,cheek,nihatate,game,0.7446152635532747,true
2,3,3,0.8,0.01,62,1,2,danger,danger,threat,falu,danger,0.7517238502866579,true
2,3,3,0.8,0.01,63,2,1,purse,purse,shore,qapamoma,shore,0.0440518065206051,false
2,3,3,0.8,0.01,64,1,2,threat,threat,coast,fuwo,threat,0.9919159105458062,true
2,3,3,0.8,0.01,65,2,1,shore,bag,shore,qapamoma,bag,0.11748244883075586,false
2,3,3,0.8,0.01,66,1,2,meter,purse,meter,nihatate,purse,0.23321309225745349,false
2,3,3,0.8,0.01,67,2,1,danger,danger,game,falu,danger,0.843163546505938,true
2,3,3,0.8,0.01,68,1,2,game,shore,game,falu,game,0.6634885051452015,true
2,3,3,0.8,0.01,69,2,1,purse,purse,danger,lipu,danger,0.009804224335599004,false
2,3,3,0.8,0.01,70,1,2,shore,shore,meter,qapamoma,shore,0.8439111549906881,true
2,3,3,0.8,0.01,71,2,1,vitamin,game,vitamin,loqi,vitamin,0.9942915664195431,true
2,3,3,0.8,0.01,72,1,2,meter,meter,game,hene,game,0.23631583632982894,false
2,3,3,0.8,0.01,73,2,1,coast,coast,vitamin,qapamoma,coast,0.8342768073108253,true
2,3,3,0.8,0.01,74,1,2,coast,coast,game,qapamoma,coast,0.9996222114492918,true
2,3,3,0.8,0.01,75,2,1,shore,shore,game,hene,game,0.003210835850091554,false
2,3,3,0.8,0.01,76,1,2,bag,bag,shore,loqi,shore,0.1555555432447624,false
2,3,3,0.8,0.01,77,2,1,vitamin,meter,vitamin,loqi,vitamin,0.9654137630030001,true
2,3,3,0.8,0.01,78,1,2,danger,danger,threat,hene,threat,0.3143447322927764,false
2,3,3,0.8,0.01,79,2,1,danger,danger,meter,hene,danger,0.6322539063387428,true
2,3,3,0.8,0.01,80,1,2,shore,shore,cheek,fuwo,cheek,0.2352297238391373,false
2,3,3,0.8,0.01,81,2,1,danger,danger,vitamin,hene,danger,0.9627792740570479,true
2,3,3,0.8,0.01,82,1,2,meter,danger,meter,loqi,meter,0.9999932268568317,true
2,3,3,0.8,0.01,83,2,1,coast,coast,meter,fuwo,coast,0.9998521342329096,true
2,3,3,0.8,0.01,84,1,2,game,coast,game,lipu,game,0.9981473115231334,true
2,3,3,0.8,0.01,85,2,1,shore,shore,meter,loqi,meter,0.012334112080750217,false
2,3,3,0.8,0.01,86,1,2,game,game,vitamin,lipu,game,0.9967667103920048,true
2,3,3,0.8,0.01,87,2,1,game,threat,game,lipu,game,0.9999898483202739,true
2,3,3,0.8,0.01,88,1,2,meter,meter,cheek,loqi,meter,0.9997530258492586,true
2,3,3,0.8,0.01,89,2,1,purse,purse,game,qapamoma,purse,0.9990685790126326,true
2,3,3,0.8,0.01,90,1,2,vitamin,danger,vitamin,hene,danger,0.05315490859767548,false
2,3,3,0.8,0.01,91,2,1,purse,purse,coast,qapamoma,purse,0.9878627364474224,true
2,3,3,0.8,0.01,92,1,2,purse,purse,game,qapamoma,purse,0.9999997838590466,true
2,3,3,0.8,0.01,93,2,1,meter,bag,meter,loqi,meter,0.7921269176837702,true
2,3,3,0.8,0.01,94,1,2,shore,shore,vitamin,hene,vitamin,0.01487192822575572,false
2,3,3,0.8,0.01,95,2,1,danger,danger,cheek,loqi,danger,0.6242943118128528,true
2,3,3,0.8,0.01,96,1,2,cheek,threat,cheek,falu,cheek,0.5221083427326816,true
2,3,3,0.8,0.01,97,2,1,bag,bag,danger,nihatate,danger,0.3004326666867226,false
2,3,3,0.8,0.01,98,1,2,bag,bag,vitamin,nihatate,vitamin,0.15636621387916708,false
2,3,3,0.8,0.01,99,2,1,shore,shore,coast,nihatate,coast,0.4189267991654943,false
2,3,3,0.8,0.01,100,1,2,purse,purse,bag,falu,bag,0.05047459183981874,false
2,3,3,0.8,0.01,101,2,1,vitamin,threat,vitamin,hene,threat,0.03162172563563736,false
2,3,3,0.8,0.01,102,1,2,cheek,meter,cheek,lipu,cheek,0.922253684216723,true
2,3,3,0.8,0.01,103,2,1,coast,danger,coast,nihatate,coast,0.6414503627057897,true
2,3,3,0.8,0.01,104,1,2,meter,bag,meter,lipu,bag,0.11368317797381775,false
2,3,3,0.8,0.01,105,2,1,shore,danger,shore,fuwo,shore,0.6565617370708837,true
2,3,3,0.8,0.01,106,1,2,cheek,shore,cheek,lipu,cheek,0.9999922739665394,true
2,3,3,0.8,0.01,107,2,1,vitamin,coast,vitamin,qapamoma,coast,0.13166251461194792,false
2,3,3,0.8,0.01,108,1,2,cheek,purse,cheek,lipu,cheek,0.9875511288490163,true
2,3,3,0.8,0.01,109,2,1,coast,coast,cheek,qapamoma,coast,0.9994941290724414,true
2,3,3,0.8,0.01,110,1,2,cheek,coast,cheek,lipu,cheek,0.9999999648391629,true
2,3,3,0.8,0.01,111,2,1,threat,threat,vitamin,loqi,vitamin,0.4912389164409449,false
2,3,3,0.8,0.01,112,1,2,vitamin,vitamin,cheek,qapamoma,cheek,0.005941202807077384,false
2,3,3,0.8,0.01,113,2,1,purse,purse,meter,hene,meter,0.5369370769778348,false
2,3,3,0.8,0.01,114,1,2,game,danger,game,fuwo,game,0.630565421909195,true
2,3,3,0.8,0.01,115,2,1,coast,coast,meter,qapamoma,coast,0.9287362808468274,true
2,3,3,0.8,0.01,116,1,2,game,threat,game,fuwo,game,0.9965582820856571,true
2,3,3,0.8,0.01,117,2,1,danger,danger,coast,nihatate,danger,0.6716028962296444,true
2,3,3,0.8,0.01,118,1,2,threat,threat,cheek,nihatate,threat,0.3563126468677901,true
2,3,3,0.8,0.01,119,2,1,cheek,bag,cheek,lipu,cheek,0.6456524030985922,true
2,3,3,0.8,0.01,120,1,2,shore,shore,vitamin,qapamoma,shore,0.37029493835165816,true
3,3,3,0.8,0.01,0,1,2,threat,threat,coast,hene,coast,0.5084307540438014,false
3,3,3,0.8,0.01,1,2,1,bag,bag,coast,lipu,bag,0.9978319407643579,true
3,3,3,0.8,0.01,2,1,2,coast,coast,meter,hene,meter,0.44280912486730706,false
3,3,3,0.8,0.01,3,2,1,shore,shore,cheek,lipu,cheek,0.30346888896504476,false
3,3,3,0.8,0.01,4,1,2,purse,purse,cheek,qapamoma,purse,0.9968021614391763,true
3,3,3,0.8,0.01,5,2,1,game,coast,game,fuwo,coast,0.12341368766848328,false
3,3,3,0.8,0.01,6,1,2,purse,purse,threat,qapamoma,purse,0.9906186447767744,true
3,3,3,0.8,0.01,7,2,1,meter,shore,meter,loqi,shore,0.004069799169385079,false
3,3,3,0.8,0.01,8,1,2,danger,danger,cheek,nihatate,danger,0.9270613460204825,true
3,3,3,0.8,0.01,9,2,1,threat,threat,game,hene,game,0.2328344507192874,false
3,3,3,0.8,0.01,10,1,2,coast,purse,coast,hene,purse,0.8127455655043629,false
3,3,3,0.8,0.01,11,2,1,vitamin,bag,vitamin,qapamoma,bag,0.19849042786304943,false
3,3,3,0.8,0.01,12,1,2,bag,bag,danger,fuwo,danger,0.0026399828892578747,false
3,3,3,0.8,0.01,13,2,1,danger,danger,meter,falu,meter,0.0006039060339169298,false
3,3,3,0.8,0.01,14,1,2,vitamin,danger,vitamin,qapamoma,danger,0.42526021500309696,false
3,3,3,0.8,0.01,15,2,1,meter,bag,meter,falu,bag,0.8803534904994543,false
3,3,3,0.8,0.01,16,1,2,cheek,threat,cheek,loqi,threat,0.42258880066798943,false
3,3,3,0.8,0.01,17,2,1,purse,purse,vitamin,nihatate,vitamin,0.1575987505491391,false
3,3,3,0.8,0.01,18,1,2,shore,shore,vitamin,fuwo,shore,0.9998690458529851,true
3,3,3,0.8,0.01,19,2,1,meter,meter,vitamin,falu,meter,0.9901188292670802,true
3,3,3,0.8,0.01,20,1,2,game,meter,game,loqi,game,0.9998791645628244,true
3,3,3,0.8,0.01,21,2,1,shore,shore,coast,fuwo,shore,0.9553215786689345,true
3,3,3,0.8,0.01,22,1,2,purse,purse,meter,nihatate,purse,0.9973983666659922,true
3,3,3,0.8,0.01,23,2,1,game,game,vitamin,loqi,game,0.9974747365569555,true
3,3,3,0.8,0.01,24,1,2,threat,threat,meter,hene,threat,0.9981340220976159,true
3,3,3,0.8,0.01,25,2,1,threat,threat,shore,hene,threat,0.9997333383281218,true
3,3,3,0.8,0.01,26,1,2,game,purse,game,loqi,game,0.999691049052306,true
3,3,3,0.8,0.01,27,2,1,danger,danger,shore,fuwo,shore,0.09509659680355274,false
3,3,3,0.8,0.01,28,1,2,danger,purse,danger,fuwo,danger,0.530594923583764,true
3,3,3,0.8,0.01,29,2,1,cheek,coast,cheek,qapamoma,coast,0.32146923033713787,false
3,3,3,0.8,0.01,30,1,2,coast,danger,coast,lipu,danger,0.00009324364334160881,false
3,3,3,0.8,0.01,31,2,1,vitamin,coast,vitamin,fuwo,coast,0.3238261303058074,false
3,3,3,0.8,0.01,32,1,2,vitamin,threat,vitamin,fuwo,threat,0.11935213678287228,false
3,3,3,0.8,0.01,33,2,1,bag,bag,cheek,qapamoma,cheek,0.00594995235857909,false
3,3,3,0.8,0.01,34,1,2,danger,danger,game,fuwo,danger,0.972980253448675,true
3,3,3,0.8,0.01,35,2,1,bag,bag,shore,lipu,shore,0.17767636452165209,false
3,3,3,0.8,0.01,36,1,2,shore,shore,game,lipu,shore,0.9994946538148026,true
3,3,3,0.8,0.01,37,2,1,cheek,meter,cheek,qapamoma,cheek,0.9163698807499984,true
3,3,3,0.8,0.01,38,1,2,bag,bag,threat,nihatate,bag,0.539630777691631,true
3,3,3,0.8,0.01,39,2,1,purse,purse,bag,nihatate,bag,0.09278588595809063,false
3,3,3,0.8,0.01,40,1,2,game,bag,game,loqi,game,0.9999978414175752,true
3,3,3,0.8,0.01,41,2,1,shore,purse,shore,lipu,shore,0.8005675879714157,true
3,3,3,0.8,0.01,42,1,2,threat,danger,threat,lipu,danger,0.18736281233484425,false
3,3,3,0.8,0.01,43,2,1,cheek,vitamin,cheek,qapamoma,cheek,0.9804791429769801,true
3,3,3,0.8,0.01,44,1,2,cheek,game,cheek,qapamoma,cheek,0.9999545363050399,true
3,3,3,0.8,0.01,45,2,1,bag,bag,coast,nihatate,bag,0.843081679058715,true
3,3,3,0.8,0.01,46,1,2,bag,bag,threat,nihatate,bag,0.999927705945761,true
3,3,3,0.8,0.01,47,2,1,game,meter,game,loqi,game,0.9554322433652576,true
3,3,3,0.8,0.01,48,1,2,bag,bag,game,nihatate,bag,0.999999995747868,true
3,3,3,0.8,0.01,49,2,1,vitamin,bag,vitamin,fuwo,vitamin,0.9999940212955268,true
3,3,3,0.8,0.01,50,1,2,bag,purse,bag,nihatate,bag,0.9998545074786881,true
3,3,3,0.8,0.01,51,2,1,bag,bag,game,nihatate,bag,0.9999981401713656,true
3,3,3,0.8,0.01,52,1,2,purse,purse,shore,loqi,purse,0.952504065056015,true
3,3,3,0.8,0.01,53,2,1,game,game,cheek,loqi,game,0.9968127755475047,true
3,3,3,0.8,0.01,54,1,2,danger,bag,danger,falu,danger,0.9999627414797461,true
3,3,3,0.8,0.01,55,2,1,coast,threat,coast,fuwo,coast,0.8549895968135823,true
3,3,3,0.8,0.01,56,1,2,threat,threat,shore,qapamoma,threat,0.6539461488394946,true
3,3,3,0.8,0.01,57,2,1,shore,shore,coast,lipu,coast,0.5829790322865268,false
3,3,3,0.8,0.01,58,1,2,danger,danger,cheek,falu,danger,0.9824854318524547,true
3,3,3,0.8,0.01,59,2,1,meter,threat,meter,hene,meter,0.992992292073241,true
3,3,3,0.8,0.01,60,1,2,cheek,purse,cheek,loqi,purse,0.15087488962453308,false
3,3,3,0.8,0.01,61,2,1,game,game,cheek,lipu,game,0.9427064556275974,true
3,3,3,0.8,0.01,62,1,2,danger,danger,threat,falu,threat,0.8389256899298938,false
3,3,3,0.8,0.01,63,2,1,purse,purse,shore,falu,shore,0.0005556741170645371,false
3,3,3,0.8,0.01,64,1,2,threat,threat,coast,falu,threat,0.9955567741930507,true
3,3,3,0.8,0.01,65,2,1,shore,bag,shore,falu,bag,0.38569374123595224,false
3,3,3,0.8,0.01,66,1,2,meter,purse,meter,hene,meter,0.9044780324729361,true
3,3,3,0.8,0.01,67,2,1,danger,danger,game,nihatate,game,0.2283723363939114,false
3,3,3,0.8,0.01,68,1,2,game,shore,game,loqi,shore,0.00013080866344769863,false
3,3,3,0.8,0.01,69,2,1,purse,purse,danger,fuwo,purse,0.9084968226866496,true
3,3,3,0.8,0.01,70,1,2,shore,shore,meter,loqi,shore,0.3738146497379097,true
3,3,3,0.8,0.01,71,2,1,vitamin,game,vitamin,hene,game,0.39433993900423053,false
3,3,3,0.8,0.01,72,1,2,meter,meter,game,hene,game,0.060334007144297715,false
3,3,3,0.8,0.01,73,2,1,coast,coast,vitamin,loqi,vitamin,0.018706776044331404,false
3,3,3,0.8,0.01,74,1,2,coast,coast,game,loqi,coast,0.97988994549058,true
3,3,3,0.8,0.01,75,2,1,shore,shore,game,lipu,shore,0.9987158581928245,true
3,3,3,0.8,0.01,76,1,2,bag,bag,shore,falu,bag,0.89943191908748,true
3,3,3,0.8,0.01,77,2,1,vitamin,meter,vitamin,loqi,vitamin,0.9488448608953256,true
3,3,3,0.8,0.01,78,1,2,danger,danger,threat,fuwo,threat,0.6327488412552581,false
3,3,3,0.8,0.01,79,2,1,danger,danger,meter,fuwo,meter,0.5104654455075175,false
3,3,3,0.8,0.01,80,1,2,shore,shore,cheek,qapamoma,cheek,0.39479863435179335,false
3,3,3,0.8,0.01,81,2,1,danger,danger,vitamin,fuwo,danger,0.8528650486175434,true
3,3,3,0.8,0.01,82,1,2,meter,danger,meter,lipu,meter,0.9891769984967355,true
3,3,3,0.8,0.01,83,2,1,coast,coast,meter,qapamoma,coast,0.9993517086017879,true
3,3,3,0.8,0.01,84,1,2,game,coast,game,falu,game,0.9975731237978138,true
3,3,3,0.8,0.01,85,2,1,shore,shore,meter,qapamoma,shore,0.9994809491490834,true
3,3,3,0.8,0.01,86,1,2,game,game,vitamin,falu,game,0.9996373795695143,true
3,3,3,0.8,0.01,87,2,1,game,threat,game,falu,game,0.9999744757583908,true
3,3,3,0.8,0.01,88,1,2,meter,meter,cheek,lipu,meter,0.9701603799786784,true
3,3,3,0.8,0.01,89,2,1,purse,purse,game,nihatate,purse,0.9998110964404929,true
3,3,3,0.8,0.01,90,1,2,vitamin,danger,vitamin,fuwo,danger,0.0973748953408169,false
3,3,3,0.8,0.01,91,2,1,purse,purse,coast,nihatate,purse,0.9955008455740209,true
3,3,3,0.8,0.01,92,1,2,purse,purse,game,nihatate,purse,0.9999998295248117,true
3,3,3,0.8,0.01,93,2,1,meter,bag,meter,lipu,meter,0.9661073589076019,true
3,3,3,0.8,0.01,94,1,2,shore,shore,vitamin,qapamoma,shore,0.7524731023477391,true
3,3,3,0.8,0.01,95,2,1,danger,danger,cheek,falu,cheek,0.042304449791721065,false
3,3,3,0.8,0.01,96,1,2,cheek,threat,cheek,falu,cheek,0.9998742777004963,true
3,3,3,0.8,0.01,97,2,1,bag,bag,danger,loqi,danger,0.025239592827183358,false
3,3,3,0.8,0.01,98,1,2,bag,bag,vitamin,loqi,vitamin,0.11845518296455855,false
3,3,3,0.8,0.01,99,2,1,shore,shore,coast,falu,coast,0.06288199382552646,false
3,3,3,0.8,0.01,100,1,2,purse,purse,bag,nihatate,purse,0.7155874266892959,true
3,3,3,0.8,0.01,101,2,1,vitamin,threat,vitamin,nihatate,threat,0.0064697548032481705,false
3,3,3,0.8,0.01,102,1,2,cheek,meter,cheek,falu,cheek,0.9987932440611603,true
3,3,3,0.8,0.01,103,2,1,coast,danger,coast,falu,coast,0.5005592057525626,true
3,3,3,0.8,0.01,104,1,2,meter,bag,meter,lipu,bag,0.48885035921182,false
3,3,3,0.8,0.01,105,2,1,shore,danger,shore,hene,shore,0.937552122956098,true
3,3,3,0.8,0.01,106,1,2,cheek,shore,cheek,falu,cheek,0.9999951324511471,true
3,3,3,0.8,0.01,107,2,1,vitamin,coast,vitamin,lipu,coast,0.0071578430446239925,false
3,3,3,0.8,0.01,108,1,2,cheek,purse,cheek,falu,cheek,0.996532755102052,true
3,3,3,0.8,0.01,109,2,1,coast,coast,cheek,lipu,coast,0.9999987823355532,true
3,3,3,0.8,0.01,110,1,2,cheek,coast,cheek,falu,cheek,0.9999997042202791,true
3,3,3,0.8,0.01,111,2,1,threat,threat,vitamin,loqi,vitamin,0.03617485841171262,false
3,3,3,0.8,0.01,112,1,2,vitamin,vitamin,cheek,lipu,cheek,0.003598230215045635,false
3,3,3,0.8,0.01,113,2,1,purse,purse,meter,fuwo,purse,0.6219549355412284,true
3,3,3,0.8,0.01,114,1,2,game,danger,game,nihatate,danger,0.5220358089263794,false
3,3,3,0.8,0.01,115,2,1,coast,coast,meter,lipu,coast,0.9827855530156843,true
3,3,3,0.8,0.01,116,1,2,game,threat,game,loqi,threat,0.005101078635034208,false
3,3,3,0.8,0.01,117,2,1,danger,danger,coast,fuwo,coast,0.0025231936732995576,false
3,3,3,0.8,0.01,118,1,2,threat,threat,cheek,loqi,cheek,0.21444247547166706,false
3,3,3,0.8,0.01,119,2,1,cheek,bag,cheek,falu,bag,0.1806014666136619,false
3,3,3,0.8,0.01,120,1,2,shore,shore,vitamin,hene,vitamin,0.06431963689504547,false
4,3,3,0.8,0.01,0,1,2,threat,threat,coast,loqi,coast,0.35625097617518875,false
4,3,3,0.8,0.01,1,2,1,bag,bag,coast,fuwo,bag,0.9961108803722398,true
4,3,3,0.8,0.01,2,1,2,coast,coast,meter,loqi,meter,0.5038250381485258,false
4,3,3,0.8,0.01,3,2,1,shore,shore,cheek,loqi,shore,0.6379959963168519,true
4,3,3,0.8,0.01,4,1,2,purse,purse,cheek,hene,cheek,0.31238343278685543,false
4,3,3,0.8,0.01,5,2,1,game,coast,game,qapamoma,game,0.4338814715182559,true
4,3,3,0.8,0.01,6,1,2,purse,purse,threat,lipu,purse,0.19334411440067628,true
4,3,3,0.8,0.01,7,2,1,meter,shore,meter,falu,shore,0.014968816217546173,false
4,3,3,0.8,0.01,8,1,2,danger,danger,cheek,loqi,cheek,0.6939185599320087,false
4,3,3,0.8,0.01,9,2,1,threat,threat,game,loqi,game,0.29123994437570044,false
4,3,3,0.8,0.01,10,1,2,coast,purse,coast,qapamoma,purse,0.10787620974642154,false
4,3,3,0.8,0.01,11,2,1,vitamin,bag,vitamin,nihatate,vitamin,0.5537809712116087,true
4,3,3,0.8,0.01,12,1,2,bag,bag,danger,fuwo,danger,0.11401414656551029,false
4,3,3,0.8,0.01,13,2,1,danger,danger,meter,loqi,meter,0.0032260545094206588,false
4,3,3,0.8,0.01,14,1,2,vitamin,danger,vitamin,nihatate,vitamin,0.9986528500402989,true
4,3,3,0.8,0.01,15,2,1,meter,bag,meter,loqi,meter,0.9113647710682984,true
4,3,3,0.8,0.01,16,1,2,cheek,threat,cheek,hene,threat,0.25351382146093954,false
4,3,3,0.8,0.01,17,2,1,purse,purse,vitamin,loqi,purse,0.9978347151457609,true
4,3,3,0.8,0.01,18,1,2,shore,shore,vitamin,falu,shore,0.9906674267410402,true
4,3,3,0.8,0.01,19,2,1,meter,meter,vitamin,loqi,meter,0.9999902566658841,true
4,3,3,0.8,0.01,20,1,2,game,meter,game,lipu,game,0.9998814325322819,true
4,3,3,0.8,0.01,21,2,1,shore,shore,coast,falu,shore,0.9753228792003232,true
4,3,3,0.8,0.01,22,1,2,purse,purse,meter,loqi,meter,0.00022686660082805625,false
4,3,3,0.8,0.01,23,2,1,game,game,vitamin,lipu,game,0.999574146888635,true
4,3,3,0.8,0.01,24,1,2,threat,threat,meter,qapamoma,threat,0.9911555022276094,true
4,3,3,0.8,0.01,25,2,1,threat,threat,shore,qapamoma,threat,0.9979844022275581,true
4,3,3,0.8,0.01,26,1,2,game,purse,game,lipu,game,0.9988239766541652,true
4,3,3,0.8,0.01,27,2,1,danger,danger,shore,nihatate,shore,0.5326097069041207,false
4,3,3,0.8,0.01,28,1,2,danger,purse,danger,nihatate,danger,0.24824842555199914,true
4,3,3,0.8,0.01,29,2,1,cheek,coast,cheek,hene,cheek,0.6874217060486045,true
4,3,3,0.8,0.01,30,1,2,coast,danger,coast,nihatate,danger,0.028111751004597466,false
4,3,3,0.8,0.01,31,2,1,vitamin,coast,vitamin,lipu,coast,0.6111968622096723,false
4,3,3,0.8,0.01,32,1,2,vitamin,threat,vitamin,lipu,vitamin,0.48791209107679373,true
4,3,3,0.8,0.01,33,2,1,bag,bag,cheek,qapamoma,cheek,0.3391111401808329,false
4,3,3,0.8,0.01,34,1,2,danger,danger,game,nihatate,danger,0.8482964417803713,true
4,3,3,0.8,0.01,35,2,1,bag,bag,shore,hene,shore,0.40034404367742327,false
4,3,3,0.8,0.01,36,1,2,shore,shore,game,hene,shore,0.9973691007900571,true
4,3,3,0.8,0.01,37,2,1,cheek,meter,cheek,qapamoma,meter,0.7635061776654888,false
4,3,3,0.8,0.01,38,1,2,bag,bag,threat,lipu,threat,0.25459200300031204,false
4,3,3,0.8,0.01,39,2,1,purse,purse,bag,lipu,bag,0.20186346582822054,false
4,3,3,0.8,0.01,40,1,2,game,bag,game,falu,game,0.9999890280463828,true
4,3,3,0.8,0.01,41,2,1,shore,purse,shore,hene,purse,0.13889681629541095,false
4,3,3,0.8,0.01,42,1,2,threat,danger,threat,lipu,danger,0.21773737527833995,false
4,3,3,0.8,0.01,43,2,1,cheek,vitamin,cheek,qapamoma,cheek,0.9472554458043729,true
4,3,3,0.8,0.01,44,1,2,cheek,game,cheek,qapamoma,cheek,0.9999710336668514,true
4,3,3,0.8,0.01,45,2,1,bag,bag,coast,lipu,bag,0.9120313570536566,true
4,3,3,0.8,0.01,46,1,2,bag,bag,threat,loqi,threat,0.000006303956022335039,false
4,3,3,0.8,0.01,47,2,1,game,meter,game,falu,meter,0.7978342708384262,false
4,3,3,0.8,0.01,48,1,2,bag,bag,game,lipu,bag,0.8424108113342905,true
4,3,3,0.8,0.01,49,2,1,vitamin,bag,vitamin,hene,vitamin,0.9996291899650196,true
4,3,3,0.8,0.01,50,1,2,bag,purse,bag,lipu,bag,0.9145357969589518,true
4,3,3,0.8,0.01,51,2,1,bag,bag,game,lipu,bag,0.999977388785738,true
4,3,3,0.8,0.01,52,1,2,purse,purse,shore,loqi,purse,0.7989047566043432,true
4,3,3,0.8,0.01,53,2,1,game,game,cheek,falu,game,0.997795097154912,true
4,3,3,0.8,0.01,54,1,2,danger,bag,danger,hene,danger,0.9938427601134816,true
4,3,3,0.8,0.01,55,2,1,coast,threat,coast,nihatate,coast,0.7918834994814212,true
4,3,3,0.8,0.01,56,1,2,threat,threat,shore,loqi,threat,0.9715114243750231,true
4,3,3,0.8,0.01,57,2,1,shore,shore,coast,hene,shore,0.7056551341321453,true
4,3,3,0.8,0.01,58,1,2,danger,danger,cheek,nihatate,danger,0.9495879342168092,true
4,3,3,0.8,0.01,59,2,1,meter,threat,meter,falu,meter,0.9893891479985231,true
4,3,3,0.8,0.01,60,1,2,cheek,purse,cheek,falu,cheek,0.1485002304220954,true
4,3,3,0.8,0.01,61,2,1,game,game,cheek,qapamoma,game,0.999473930270995,true
4,3,3,0.8,0.01,62,1,2,danger,danger,threat,nihatate,danger,0.7026980861861977,true
4,3,3,0.8,0.01,63,2,1,purse,purse,shore,nihatate,shore,0.09398120572017768,false
4,3,3,0.8,0.01,64,1,2,threat,threat,coast,loqi,threat,0.9945651031103114,true
4,3,3,0.8,0.01,65,2,1,shore,bag,shore,nihatate,bag,0.25676876825170825,false
4,3,3,0.8,0.01,66,1,2,meter,purse,meter,loqi,purse,0.04510511256413305,false
4,3,3,0.8,0.01,67,2,1,danger,danger,game,nihatate,danger,0.8389281815986684,true
4,3,3,0.8,0.01,68,1,2,game,shore,game,qapamoma,game,0.9815168008974718,true
4,3,3,0.8,0.01,69,2,1,purse,purse,danger,hene,purse,0.9617977026942264,true
4,3,3,0.8,0.01,70,1,2,shore,shore,meter,loqi,meter,0.0020134263565685755,false
4,3,3,0.8,0.01,71,2,1,vitamin,game,vitamin,fuwo,vitamin,0.9998731504702656,true
4,3,3,0.8,0.01,72,1,2,meter,meter,game,loqi,meter,0.9992886739862243,true
4,3,3,0.8,0.01,73,2,1,coast,coast,vitamin,qapamoma,vitamin,0.5327695523589543,false
4,3,3,0.8,0.01,74,1,2,coast,coast,game,lipu,coast,0.21495005416815632,true
4,3,3,0.8,0.01,75,2,1,shore,shore,game,hene,shore,0.7811802787318569,true
4,3,3,0.8,0.01,76,1,2,bag,bag,shore,falu,bag,0.9546011365924817,true
4,3,3,0.8,0.01,77,2,1,vitamin,meter,vitamin,qapamoma,vitamin,0.9945641922367503,true
4,3,3,0.8,0.01,78,1,2,danger,danger,threat,nihatate,danger,0.7552176645549027,true
4,3,3,0.8,0.01,79,2,1,danger,danger,meter,nihatate,danger,0.9999967741102227,true
4,3,3,0.8,0.01,80,1,2,shore,shore,cheek,falu,cheek,0.4073342242394053,false
4,3,3,0.8,0.01,81,2,1,danger,danger,vitamin,nihatate,danger,0.9999844567309559,true
4,3,3,0.8,0.01,82,1,2,meter,danger,meter,loqi,meter,0.9999984289141168,true
4,3,3,0.8,0.01,83,2,1,coast,coast,meter,fuwo,coast,0.9999823951778906,true
4,3,3,0.8,0.01,84,1,2,game,coast,game,falu,game,0.981055894051008,true
4,3,3,0.8,0.01,85,2,1,shore,shore,meter,loqi,meter,0.002904436735446719,false
4,3,3,0.8,0.01,86,1,2,game,game,vitamin,falu,game,0.9993839004964149,true
4,3,3,0.8,0.01,87,2,1,game,threat,game,falu,game,0.9998977891018668,true
4,3,3,0.8,0.01,88,1,2,meter,meter,cheek,loqi,meter,0.9998536467444821,true
4,3,3,0.8,0.01,89,2,1,purse,purse,game,falu,game,0.000031616017168373755,false
4,3,3,0.8,0.01,90,1,2,vitamin,danger,vitamin,hene,vitamin,0.5980135501311317,true
4,3,3,0.8,0.01,91,2,1,purse,purse,coast,nihatate,purse,0.7189329542483032,true
4,3,3,0.8,0.01,92,1,2,purse,purse,game,fuwo,purse,0.9662310747443733,true
4,3,3,0.8,0.01,93,2,1,meter,bag,meter,loqi,meter,0.9836773160580419,true
4,3,3,0.8,0.01,94,1,2,shore,shore,vitamin,qapamoma,shore,0.5387536404777304,true
4,3,3,0.8,0.01,95,2,1,danger,danger,cheek,nihatate,danger,0.5373336291971491,true
4,3,3,0.8,0.01,96,1,2,cheek,threat,cheek,nihatate,threat,0.23836855370874488,false
4,3,3,0.8,0.01,97,2,1,bag,bag,danger,nihatate,danger,0.0041422356149799265,false
4,3,3,0.8,0.01,98,1,2,bag,bag,vitamin,qapamoma,vitamin,0.560688231266488,false
4,3,3,0.8,0.01,99,2,1,shore,shore,coast,qapamoma,shore,0.581834995317654,true
4,3,3,0.8,0.01,100,1,2,purse,purse,bag,fuwo,bag,0.5533661353547408,false
4,3,3,0.8,0.01,101,2,1,vitamin,threat,vitamin,falu,threat,0.012162132531018045,false
4,3,3,0.8,0.01,102,1,2,cheek,meter,cheek,lipu,cheek,0.9257773553818958,true
4,3,3,0.8,0.01,103,2,1,coast,danger,coast,fuwo,coast,0.7455903101094914,true
4,3,3,0.8,0.01,104,1,2,meter,bag,meter,loqi,bag,0.4809030463961675,false
4,3,3,0.8,0.01,105,2,1,shore,danger,shore,lipu,shore,0.8140577619146656,true
4,3,3,0.8,0.01,106,1,2,cheek,shore,cheek,lipu,cheek,0.44755782015489043,true
4,3,3,0.8,0.01,107,2,1,vitamin,coast,vitamin,falu,vitamin,0.580375356444219,true
4,3,3,0.8,0.01,108,1,2,cheek,purse,cheek,lipu,cheek,0.9870903135438617,true
4,3,3,0.8,0.01,109,2,1,coast,coast,cheek,qapamoma,coast,0.9998507394984573,true
4,3,3,0.8,0.01,110,1,2,cheek,coast,cheek,lipu,cheek,0.9999991926946453,true
4,3,3,0.8,0.01,111,2,1,threat,threat,vitamin,falu,vitamin,0.0011450804416646906,false
4,3,3,0.8,0.01,112,1,2,vitamin,vitamin,cheek,falu,vitamin,0.9999981410291466,true
4,3,3,0.8,0.01,113,2,1,purse,purse,meter,falu,meter,0.2509628945994048,false
4,3,3,0.8,0.01,114,1,2,game,danger,game,hene,danger,0.5458485907477102,false
4,3,3,0.8,0.01,115,2,1,coast,coast,meter,qapamoma,coast,0.927718506604459,true
4,3,3,0.8,0.01,116,1,2,game,threat,game,fuwo,threat,0.7678786112522803,false
4,3,3,0.8,0.01,117,2,1,danger,danger,coast,falu,danger,0.09730002264479873,true
4,3,3,0.8,0.01,118,1,2,threat,threat,cheek,fuwo,cheek,0.08657339800161265,false
4,3,3,0.8,0.01,119,2,1,cheek,bag,cheek,lipu,bag,0.0031492581579606995,false
4,3,3,0.8,0.01,120,1,2,shore,shore,vitamin,qapamoma,shore,0.7280162245059106,true
5,3,3,0.8,0.01,0,1,2,threat,threat,coast,loqi,threat,0.4952088839420755,true
5,3,3,0.8,0.01,1,2,1,bag,bag,coast,hene,bag,0.5762138220036093,true
5,3,3,0.8,0.01,2,1,2,coast,coast,meter,fuwo,meter,0.3959031473791814,false
5,3,3,0.8,0.01,3,2,1,shore,shore,cheek,nihatate,shore,0.5614529683853747,true
5,3,3,0.8,0.01,4,1,2,purse,purse,cheek,loqi,cheek,0.22508368646792357,false
5,3,3,0.8,0.01,5,2,1,game,coast,game,qapamoma,game,0.21669854928829108,true
5,3,3,0.8,0.01,6,1,2,purse,purse,threat,hene,purse,0.6471951194395178,true
5,3,3,0.8,0.01,7,2,1,meter,shore,meter,lipu,shore,0.005762440471190501,false
5,3,3,0.8,0.01,8,1,2,danger,danger,cheek,fuwo,cheek,0.6554329149685781,false
5,3,3,0.8,0.01,9,2,1,threat,threat,game,fuwo,threat,0.33463803292696614,true
5,3,3,0.8,0.01,10,1,2,coast,purse,coast,lipu,coast,0.1911413508052096,true
5,3,3,0.8,0.01,11,2,1,vitamin,bag,vitamin,falu,bag,0.33649750310226717,false
5,3,3,0.8,0.01,12,1,2,bag,bag,danger,qapamoma,danger,0.00802301177435202,false
5,3,3,0.8,0.01,13,2,1,danger,danger,meter,fuwo,meter,0.00037217941303147864,false
5,3,3,0.8,0.01,14,1,2,vitamin,danger,vitamin,falu,danger,0.06969516324392312,false
5,3,3,0.8,0.01,15,2,1,meter,bag,meter,fuwo,meter,0.8570276557424847,true
5,3,3,0.8,0.01,16,1,2,cheek,threat,cheek,nihatate,threat,0.3841837407362749,false
5,3,3,0.8,0.01,17,2,1,purse,purse,vitamin,fuwo,vitamin,0.11683732706333301,false
5,3,3,0.8,0.01,18,1,2,shore,shore,vitamin,loqi,vitamin,0.5692615576767448,false
5,3,3,0.8,0.01,19,2,1,meter,meter,vitamin,fuwo,meter,0.9999993021161552,true
5,3,3,0.8,0.01,20,1,2,game,meter,game,falu,game,0.9999548439064836,true
5,3,3,0.8,0.01,21,2,1,shore,shore,coast,nihatate,shore,0.4360700995042945,true
5,3,3,0.8,0.01,22,1,2,purse,purse,meter,hene,purse,0.9999925885446455,true
5,3,3,0.8,0.01,23,2,1,game,game,vitamin,falu,game,0.9990912063612334,true
5,3,3,0.8,0.01,24,1,2,threat,threat,meter,qapamoma,threat,0.9972785128355898,true
5,3,3,0.8,0.01,25,2,1,threat,threat,shore,qapamoma,threat,0.999708487046912,true
5,3,3,0.8,0.01,26,1,2,game,purse,game,falu,game,0.9988305590101129,true
5,3,3,0.8,0.01,27,2,1,danger,danger,shore,qapamoma,danger,0.9605200497283914,true
5,3,3,0.8,0.01,28,1,2,danger,purse,danger,qapamoma,danger,0.9970630241761674,true
5,3,3,0.8,0.01,29,2,1,cheek,coast,cheek,hene,cheek,0.28608833329205613,true
5,3,3,0.8,0.01,30,1,2,coast,danger,coast,nihatate,coast,0.9949063192143955,true
5,3,3,0.8,0.01,31,2,1,vitamin,coast,vitamin,fuwo,vitamin,0.9971111615975192,true
5,3,3,0.8,0.01,32,1,2,vitamin,threat,vitamin,fuwo,vitamin,0.9999668460121197,true
5,3,3,0.8,0.01,33,2,1,bag,bag,cheek,falu,cheek,0.26972527914030253,false
5,3,3,0.8,0.01,34,1,2,danger,danger,game,falu,game,0.004816347663786882,false
5,3,3,0.8,0.01,35,2,1,bag,bag,shore,lipu,bag,0.9827235407772141,true
5,3,3,0.8,0.01,36,1,2,shore,shore,game,nihatate,shore,0.650237141077592,true
5,3,3,0.8,0.01,37,2,1,cheek,meter,cheek,falu,cheek,0.8383900320064616,true
5,3,3,0.8,0.01,38,1,2,bag,bag,threat,loqi,threat,0.0030512657292604225,false
5,3,3,0.8,0.01,39,2,1,purse,purse,bag,loqi,bag,0.16402609331854517,false
5,3,3,0.8,0.01,40,1,2,game,bag,game,falu,game,0.9999930373375634,true
5,3,3,0.8,0.01,41,2,1,shore,purse,shore,nihatate,shore,0.6404192934391337,true
5,3,3,0.8,0.01,42,1,2,threat,danger,threat,loqi,danger,0.13798440177443783,false
5,3,3,0.8,0.01,43,2,1,cheek,vitamin,cheek,falu,cheek,0.9923737536186934,true
5,3,3,0.8,0.01,44,1,2,cheek,game,cheek,falu,cheek,0.9919527228894206,true
5,3,3,0.8,0.01,45,2,1,bag,bag,coast,loqi,bag,0.9077903565089209,true
5,3,3,0.8,0.01,46,1,2,bag,bag,threat,loqi,bag,0.9671890834425634,true
5,3,3,0.8,0.01,47,2,1,game,meter,game,lipu,meter,0.4663440368869906,false
5,3,3,0.8,0.01,48,1,2,bag,bag,game,loqi,bag,0.9986154711934669,true
5,3,3,0.8,0.01,49,2,1,vitamin,bag,vitamin,fuwo,vitamin,0.999977393720354,true
5,3,3,0.8,0.01,50,1,2,bag,purse,bag,loqi,bag,0.9694651303957832,true
5,3,3,0.8,0.01,51,2,1,bag,bag,game,loqi,bag,0.9999297023927339,true
5,3,3,0.8,0.01,52,1,2,purse,purse,shore,falu,purse,0.9692988330524351,true
5,3,3,0.8,0.01,53,2,1,game,game,cheek,falu,cheek,0.05072896904157002,false
5,3,3,0.8,0.01,54,1,2,danger,bag,danger,hene,danger,0.9990802536408427,true
5,3,3,0.8,0.01,55,2,1,coast,threat,coast,qapamoma,coast,0.7598805669618376,true
5,3,3,0.8,0.01,56,1,2,threat,threat,shore,falu,threat,0.9477269304585533,true
5,3,3,0.8,0.01,57,2,1,shore,shore,coast,nihatate,shore,0.7610305736343527,true
5,3,3,0.8,0.01,58,1,2,danger,danger,cheek,hene,danger,0.9998292885844462,true
5,3,3,0.8,0.01,59,2,1,meter,threat,meter,qapamoma,meter,0.9673457913497814,true
5,3,3,0.8,0.01,60,1,2,cheek,purse,cheek,nihatate,purse,0.052864149887585817,false
5,3,3,0.8,0.01,61,2,1,game,game,cheek,nihatate,game,0.8108877126468413,true
5,3,3,0.8,0.01,62,1,2,danger,danger,threat,hene,danger,0.7019324631501218,true
5,3,3,0.8,0.01,63,2,1,purse,purse,shore,loqi,shore,0.015171022304104359,false
5,3,3,0.8,0.01,64,1,2,threat,threat,coast,falu,threat,0.9776369582977129,true
5,3,3,0.8,0.01,65,2,1,shore,bag,shore,loqi,bag,0.011334025076746843,false
5,3,3,0.8,0.01,66,1,2,meter,purse,meter,qapamoma,meter,0.8510670230334982,true
5,3,3,0.8,0.01,67,2,1,danger,danger,game,loqi,game,0.001493837354781692,false
5,3,3,0.8,0.01,68,1,2,game,shore,game,nihatate,shore,0.0809786950169632,false
5,3,3,0.8,0.01,69,2,1,purse,purse,danger,hene,danger,0.16668871294103466,false
5,3,3,0.8,0.01,70,1,2,shore,shore,meter,nihatate,shore,0.32800697375136845,true
5,3,3,0.8,0.01,71,2,1,vitamin,game,vitamin,lipu,vitamin,0.15854581730176953,true
5,3,3,0.8,0.01,72,1,2,meter,meter,game,qapamoma,meter,0.9965015877741006,true
5,3,3,0.8,0.01,73,2,1,coast,coast,vitamin,nihatate,vitamin,0.6239695254035393,false
5,3,3,0.8,0.01,74,1,2,coast,coast,game,nihatate,coast,0.33886325418283136,true
5,3,3,0.8,0.01,75,2,1,shore,shore,game,falu,game,0.4246534661408874,false
5,3,3,0.8,0.01,76,1,2,bag,bag,shore,nihatate,shore,0.02152522630434501,false
5,3,3,0.8,0.01,77,2,1,vitamin,meter,vitamin,lipu,vitamin,0.9998719986001658,true
5,3,3,0.8,0.01,78,1,2,danger,danger,threat,loqi,danger,0.30027473719049125,true
5,3,3,0.8,0.01,79,2,1,danger,danger,meter,loqi,danger,0.9999926015958227,true
5,3,3,0.8,0.01,80,1,2,shore,shore,cheek,nihatate,cheek,0.8370304379919701,false
5,3,3,0.8,0.01,81,2,1,danger,danger,vitamin,loqi,danger,0.9995956760745229,true
5,3,3,0.8,0.01,82,1,2,meter,danger,meter,qapamoma,meter,0.9998303369991214,true
5,3,3,0.8,0.01,83,2,1,coast,coast,meter,fuwo,coast,0.9999911179269533,true
5,3,3,0.8,0.01,84,1,2,game,coast,game,hene,game,0.9946278284553965,true
5,3,3,0.8,0.01,85,2,1,shore,shore,meter,qapamoma,meter,0.00007447356595714781,false
5,3,3,0.8,0.01,86,1,2,game,game,vitamin,hene,game,0.9995079017797855,true
5,3,3,0.8,0.01,87,2,1,game,threat,game,hene,game,0.9999265576125971,true
5,3,3,0.8,0.01,88,1,2,meter,meter,cheek,qapamoma,meter,0.9999938229549219,true
5,3,3,0.8,0.01,89,2,1,purse,purse,game,lipu,purse,0.9999869036381304,true
5,3,3,0.8,0.01,90,1,2,vitamin,danger,vitamin,hene,vitamin,0.5164398318762199,true
5,3,3,0.8,0.01,91,2,1,purse,purse,coast,lipu,purse,0.9847472080095143,true
5,3,3,0.8,0.01,92,1,2,purse,purse,game,lipu,purse,0.999991741798399,true
5,3,3,0.8,0.01,93,2,1,meter,bag,meter,qapamoma,meter,0.9817298977006815,true
5,3,3,0.8,0.01,94,1,2,shore,shore,vitamin,falu,vitamin,0.14316288844591646,false
5,3,3,0.8,0.01,95,2,1,danger,danger,cheek,loqi,cheek,0.6407219361904404,false
5,3,3,0.8,0.01,96,1,2,cheek,threat,cheek,nihatate,threat,0.0007956139239360067,false
5,3,3,0.8,0.01,97,2,1,bag,bag,danger,qapamoma,bag,0.4305762006852063,true
5,3,3,0.8,0.01,98,1,2,bag,bag,vitamin,loqi,vitamin,0.004304461337765787,false
5,3,3,0.8,0.01,99,2,1,shore,shore,coast,falu,shore,0.5244084622200043,true
5,3,3,0.8,0.01,100,1,2,purse,purse,bag,lipu,purse,0.8015831704674659,true
5,3,3,0.8,0.01,101,2,1,vitamin,threat,vitamin,hene,threat,0.006920989822482401,false
5,3,3,0.8,0.01,102,1,2,cheek,meter,cheek,falu,meter,0.6565464183496122,false
5,3,3,0.8,0.01,103,2,1,coast,danger,coast,falu,danger,0.6446445914152691,false
5,3,3,0.8,0.01,104,1,2,meter,bag,meter,falu,bag,0.027754814772534442,false
5,3,3,0.8,0.01,105,2,1,shore,danger,shore,fuwo,shore,0.9715242944829565,true
5,3,3,0.8,0.01,106,1,2,cheek,shore,cheek,loqi,cheek,0.9999580569509893,true
5,3,3,0.8,0.01,107,2,1,vitamin,coast,vitamin,fuwo,coast,0.021342119156470902,false
5,3,3,0.8,0.01,108,1,2,cheek,purse,cheek,loqi,cheek,0.9845706303778566,true
5,3,3,0.8,0.01,109,2,1,coast,coast,cheek,fuwo,coast,0.9999962571645826,true
5,3,3,0.8,0.01,110,1,2,cheek,coast,cheek,loqi,cheek,0.9999997201553771,true
5,3,3,0.8,0.01,111,2,1,threat,threat,vitamin,lipu,vitamin,0.03248600723914827,false
5,3,3,0.8,0.01,112,1,2,vitamin,vitamin,cheek,falu,cheek,0.00004567283718038581,false
5,3,3,0.8,0.01,113,2,1,purse,purse,meter,fuwo,purse,0.37964085404394415,true
5,3,3,0.8,0.01,114,1,2,game,danger,game,lipu,game,0.6261504963735833,true
5,3,3,0.8,0.01,115,2,1,coast,coast,meter,qapamoma,coast,0.6796360158156096,true
5,3,3,0.8,0.01,116,1,2,game,threat,game,lipu,game,0.9967861187882209,true
5,3,3,0.8,0.01,117,2,1,danger,danger,coast,nihatate,coast,0.6059170457251767,false
5,3,3,0.8,0.01,118,1,2,threat,threat,cheek,qapamoma,cheek,0.1589777913791374,false
5,3,3,0.8,0.01,119,2,1,cheek,bag,cheek,loqi,bag,0.00659139456700703,false
5,3,3,0.8,0.01,120,1,2,shore,shore,vitamin,lipu,vitamin,0.07453718457912831,false
6,3,3,0.8,0.01,0,1,2,threat,threat,coast,falu,threat,0.6243142314885338,true
6,3,3,0.8,0.01,1,2,1,bag,bag,coast,loqi,coast,0.3679797754318135,false
6,3,3,0.8,0.01,2,1,2,coast,coast,meter,nihatate,meter,0.010037297450631826,false
6,3,3,0.8,0.01,3,2,1,shore,shore,cheek,falu,cheek,0.4616898591711117,false
6,3,3,0.8,0.01,4,1,2,purse,purse,cheek,qapamoma,purse,0.9980837335764078,true
6,3,3,0.8,0.01,5,2,1,game,coast,game,lipu,coast,0.19089991438850767,false
6,3,3,0.8,0.01,6,1,2,purse,purse,threat,qapamoma,purse,0.9881229591547422,true
6,3,3,0.8,0.01,7,2,1,meter,shore,meter,loqi,shore,0.01653246474610285,false
6,3,3,0.8,0.01,8,1,2,danger,danger,cheek,nihatate,danger,0.9618084258732824,true
6,3,3,0.8,0.01,9,2,1,threat,threat,game,lipu,game,0.000832618369714888,false
6,3,3,0.8,0.01,10,1,2,coast,purse,coast,falu,purse,0.598766837223133,false
6,3,3,0.8,0.01,11,2,1,vitamin,bag,vitamin,fuwo,vitamin,0.7431309627982015,true
6,3,3,0.8,0.01,12,1,2,bag,bag,danger,loqi,danger,0.712738302610257,false
6,3,3,0.8,0.01,13,2,1,danger,danger,meter,nihatate,danger,0.06890940900864645,true
6,3,3,0.8,0.01,14,1,2,vitamin,danger,vitamin,fuwo,vitamin,0.9999998868368201,true
6,3,3,0.8,0.01,15,2,1,meter,bag,meter,hene,meter,0.7629444340063015,true
6,3,3,0.8,0.01,16,1,2,cheek,threat,cheek,qapamoma,cheek,0.4533154354310909,true
6,3,3,0.8,0.01,17,2,1,purse,purse,vitamin,nihatate,purse,0.9909845398392978,true
6,3,3,0.8,0.01,18,1,2,shore,shore,vitamin,lipu,shore,0.9912837187988438,true
6,3,3,0.8,0.01,19,2,1,meter,meter,vitamin,hene,meter,0.9999795951684515,true
6,3,3,0.8,0.01,20,1,2,game,meter,game,hene,meter,0.000010932931870518469,false
6,3,3,0.8,0.01,21,2,1,shore,shore,coast,loqi,coast,0.03273548133601209,false
6,3,3,0.8,0.01,22,1,2,purse,purse,meter,nihatate,purse,0.9998089697789231,true
6,3,3,0.8,0.01,23,2,1,game,game,vitamin,qapamoma,game,0.6271042992526604,true
6,3,3,0.8,0.01,24,1,2,threat,threat,meter,lipu,threat,0.9943478956047692,true
6,3,3,0.8,0.01,25,2,1,threat,threat,shore,hene,shore,0.00021780635237236547,false
6,3,3,0.8,0.01,26,1,2,game,purse,game,qapamoma,game,0.9987161231500663,true
6,3,3,0.8,0.01,27,2,1,danger,danger,shore,lipu,danger,0.6659055524398279,true
6,3,3,0.8,0.01,28,1,2,danger,purse,danger,lipu,danger,0.9996783523369381,true
6,3,3,0.8,0.01,29,2,1,cheek,coast,cheek,nihatate,coast,0.4836661179226345,false
6,3,3,0.8,0.01,30,1,2,coast,danger,coast,qapamoma,danger,0.13734174894408213,false
6,3,3,0.8,0.01,31,2,1,vitamin,coast,vitamin,fuwo,vitamin,0.7372923250273359,true
6,3,3,0.8,0.01,32,1,2,vitamin,threat,vitamin,fuwo,vitamin,0.9995248594501568,true
6,3,3,0.8,0.01,33,2,1,bag,bag,cheek,loqi,bag,0.7469176693850998,true
6,3,3,0.8,0.01,34,1,2,danger,danger,game,lipu,danger,0.9827721586310898,true
6,3,3,0.8,0.01,35,2,1,bag,bag,shore,loqi,bag,0.9828924359878941,true
6,3,3,0.8,0.01,36,1,2,shore,shore,game,falu,game,0.46987063344527585,false
6,3,3,0.8,0.01,37,2,1,cheek,meter,cheek,falu,meter,0.6164580338063926,false
6,3,3,0.8,0.01,38,1,2,bag,bag,threat,loqi,bag,0.9968184738383306,true
6,3,3,0.8,0.01,39,2,1,purse,purse,bag,lipu,purse,0.9999919659132802,true
6,3,3,0.8,0.01,40,1,2,game,bag,game,falu,game,0.9938393108227898,true
6,3,3,0.8,0.01,41,2,1,shore,purse,shore,qapamoma,purse,0.19004445414286275,false
6,3,3,0.8,0.01,42,1,2,threat,danger,threat,lipu,danger,0.27975036374333906,false
6,3,3,0.8,0.01,43,2,1,cheek,vitamin,cheek,hene,cheek,0.9758002184941311,true
6,3,3,0.8,0.01,44,1,2,cheek,game,cheek,hene,cheek,0.9984602173073508,true
6,3,3,0.8,0.01,45,2,1,bag,bag,coast,loqi,bag,0.9590335268623075,true
6,3,3,0.8,0.01,46,1,2,bag,bag,threat,loqi,bag,0.9991098982760594,true
6,3,3,0.8,0.01,47,2,1,game,meter,game,falu,game,0.8639535808324427,true
6,3,3,0.8,0.01,48,1,2,bag,bag,game,loqi,bag,0.999999998223426,true
6,3,3,0.8,0.01,49,2,1,vitamin,bag,vitamin,fuwo,vitamin,0.9999865605414037,true
6,3,3,0.8,0.01,50,1,2,bag,purse,bag,loqi,bag,0.9608597623678735,true
6,3,3,0.8,0.01,51,2,1,bag,bag,game,loqi,bag,0.9999872276754268,true
6,3,3,0.8,0.01,52,1,2,purse,purse,shore,lipu,shore,0.8557689128617668,false
6,3,3,0.8,0.01,53,2,1,game,game,cheek,falu,game,0.9977491720344018,true
6,3,3,0.8,0.01,54,1,2,danger,bag,danger,hene,danger,0.999788743305191,true
6,3,3,0.8,0.01,55,2,1,coast,threat,coast,nihatate,threat,0.6178229510967148,false
6,3,3,0.8,0.01,56,1,2,threat,threat,shore,qapamoma,threat,0.01413981321506389,true
6,3,3,0.8,0.01,57,2,1,shore,shore,coast,lipu,shore,0.9903438471846581,true
6,3,3,0.8,0.01,58,1,2,danger,danger,cheek,hene,danger,0.9055866863218179,true
6,3,3,0.8,0.01,59,2,1,meter,threat,meter,qapamoma,threat,0.006112157965407065,false
6,3,3,0.8,0.01,60,1,2,cheek,purse,cheek,lipu,purse,0.09799825906343258,false
6,3,3,0.8,0.01,61,2,1,game,game,cheek,qapamoma,cheek,0.604632153248417,false
6,3,3,0.8,0.01,62,1,2,danger,danger,threat,hene,danger,0.925712554682041,true
6,3,3,0.8,0.01,63,2,1,purse,purse,shore,falu,shore,0.005248319123651773,false
6,3,3,0.8,0.01,64,1,2,threat,threat,coast,fuwo,threat,0.9200623781274073,true
6,3,3,0.8,0.01,65,2,1,shore,bag,shore,falu,bag,0.07528546387762512,false
6,3,3,0.8,0.01,66,1,2,meter,purse,meter,hene,purse,0.4631552423478305,false
6,3,3,0.8,0.01,67,2,1,danger,danger,game,loqi,game,0.007693925420253642,false
6,3,3,0.8,0.01,68,1,2,game,shore,game,qapamoma,shore,0.0025807311366411283,false
6,3,3,0.8,0.01,69,2,1,purse,purse,danger,lipu,danger,0.12323298587573321,false
6,3,3,0.8,0.01,70,1,2,shore,shore,meter,qapamoma,meter,0.0939931632676373,false
6,3,3,0.8,0.01,71,2,1,vitamin,game,vitamin,nihatate,game,0.459231445650521,false
6,3,3,0.8,0.01,72,1,2,meter,meter,game,qapamoma,meter,0.8981201963531777,true
6,3,3,0.8,0.01,73,2,1,coast,coast,vitamin,qapamoma,coast,0.7958283359810058,true
6,3,3,0.8,0.01,74,1,2,coast,coast,game,lipu,game,0.5585166882775014,false
6,3,3,0.8,0.01,75,2,1,shore,shore,game,lipu,game,0.0006168927330218274,false
6,3,3,0.8,0.01,76,1,2,bag,bag,shore,fuwo,shore,0.13212938571691402,false
6,3,3,0.8,0.01,77,2,1,vitamin,meter,vitamin,loqi,vitamin,0.9994486316080972,true
6,3,3,0.8,0.01,78,1,2,danger,danger,threat,qapamoma,threat,0.5325368290552609,false
6,3,3,0.8,0.01,79,2,1,danger,danger,meter,qapamoma,danger,0.4505511038608405,true
6,3,3,0.8,0.01,80,1,2,shore,shore,cheek,fuwo,shore,0.8477552576416663,true
6,3,3,0.8,0.01,81,2,1,danger,danger,vitamin,qapamoma,danger,0.8619864531327841,true
6,3,3,0.8,0.01,82,1,2,meter,danger,meter,nihatate,meter,0.9993639822452564,true
6,3,3,0.8,0.01,83,2,1,coast,coast,meter,hene,coast,0.9999215833636044,true
6,3,3,0.8,0.01,84,1,2,game,coast,game,falu,game,0.985208517623767,true
6,3,3,0.8,0.01,85,2,1,shore,shore,meter,fuwo,shore,0.9999779432427558,true
6,3,3,0.8,0.01,86,1,2,game,game,vitamin,falu,game,0.9996016793749636,true
6,3,3,0.8,0.01,87,2,1,game,threat,game,falu,game,0.9999876348152283,true
6,3,3,0.8,0.01,88,1,2,meter,meter,cheek,nihatate,meter,0.9361787621821369,true
6,3,3,0.8,0.01,89,2,1,purse,purse,game,hene,purse,0.999987132854973,true
6,3,3,0.8,0.01,90,1,2,vitamin,danger,vitamin,fuwo,vitamin,0.802304763998384,true
6,3,3,0.8,0.01,91,2,1,purse,purse,coast,hene,purse,0.8834443772759675,true
6,3,3,0.8,0.01,92,1,2,purse,purse,game,hene,purse,0.9999996235374247,true
6,3,3,0.8,0.01,93,2,1,meter,bag,meter,nihatate,meter,0.9865981737835543,true
6,3,3,0.8,0.01,94,1,2,shore,shore,vitamin,hene,shore,0.15182756198049827,true
6,3,3,0.8,0.01,95,2,1,danger,danger,cheek,loqi,danger,0.36373068251000007,true
6,3,3,0.8,0.01,96,1,2,cheek,threat,cheek,hene,threat,0.719567999910844,false
6,3,3,0.8,0.01,97,2,1,bag,bag,danger,lipu,bag,0.6440135666825,true
6,3,3,0.8,0.01,98,1,2,bag,bag,vitamin,lipu,bag,0.9954944294638722,true
6,3,3,0.8,0.01,99,2,1,shore,shore,coast,hene,shore,0.6922412373607543,true
6,3,3,0.8,0.01,100,1,2,purse,purse,bag,qapamoma,purse,0.9880612344764856,true
6,3,3,0.8,0.01,101,2,1,vitamin,threat,vitamin,fuwo,threat,0.787960842856938,false
6,3,3,0.8,0.01,102,1,2,cheek,meter,cheek,falu,cheek,0.984238392248346,true
6,3,3,0.8,0.01,103,2,1,coast,danger,coast,hene,danger,0.8136944458408546,false
6,3,3,0.8,0.01,104,1,2,meter,bag,meter,nihatate,meter,0.8584721734977383,true
6,3,3,0.8,0.01,105,2,1,shore,danger,shore,loqi,danger,0.2649505242795394,false
6,3,3,0.8,0.01,106,1,2,cheek,shore,cheek,falu,cheek,0.9948450514717583,true
6,3,3,0.8,0.01,107,2,1,vitamin,coast,vitamin,nihatate,coast,0.09652008667656937,false
6,3,3,0.8,0.01,108,1,2,cheek,purse,cheek,falu,cheek,0.9956210524662287,true
6,3,3,0.8,0.01,109,2,1,coast,coast,cheek,nihatate,coast,0.9998272859189874,true
6,3,3,0.8,0.01,110,1,2,cheek,coast,cheek,falu,cheek,0.9999998883360544,true
6,3,3,0.8,0.01,111,2,1,threat,threat,vitamin,fuwo,vitamin,0.08124558230090176,false
6,3,3,0.8,0.01,112,1,2,vitamin,vitamin,cheek,nihatate,cheek,0.02635068318898468,false
6,3,3,0.8,0.01,113,2,1,purse,purse,meter,qapamoma,purse,0.5250166243289336,true
6,3,3,0.8,0.01,114,1,2,game,danger,game,lipu,game,0.7356190555187881,true
6,3,3,0.8,0.01,115,2,1,coast,coast,meter,lipu,coast,0.9519847871101503,true
6,3,3,0.8,0.01,116,1,2,game,threat,game,lipu,game,0.998056391798105,true
6,3,3,0.8,0.01,117,2,1,danger,danger,coast,hene,coast,0.024229367361148738,false
6,3,3,0.8,0.01,118,1,2,threat,threat,cheek,fuwo,cheek,0.30911683258672695,false
6,3,3,0.8,0.01,119,2,1,cheek,bag,cheek,falu,bag,0.004194087866052198,false
6,3,3,0.8,0.01,120,1,2,shore,shore,vitamin,loqi,vitamin,0.19191462888815364,false
7,3,3,0.8,0.01,0,1,2,threat,threat,coast,falu,threat,0.6028302012509452,true
7,3,3,0.8,0.01,1,2,1,bag,bag,coast,nihatate,bag,0.6014118187141407,true
7,3,3,0.8,0.01,2,1,2,coast,coast,meter,nihatate,coast,0.3467445632559123,true
7,3,3,0.8,0.01,3,2,1,shore,shore,cheek,qapamoma,cheek,0.4197882769012825,false
7,3,3,0.8,0.01,4,1,2,purse,purse,cheek,falu,purse,0.9998004148057522,true
7,3,3,0.8,0.01,5,2,1,game,coast,game,qapamoma,game,0.3163727704186454,true
7,3,3,0.8,0.01,6,1,2,purse,purse,threat,falu,threat,0.9178594043140036,false
7,3,3,0.8,0.01,7,2,1,meter,shore,meter,hene,shore,0.43987318965904654,false
7,3,3,0.8,0.01,8,1,2,danger,danger,cheek,hene,danger,0.8315341003039327,true
7,3,3,0.8,0.01,9,2,1,threat,threat,game,hene,game,0.0071866411989742265,false
7,3,3,0.8,0.01,10,1,2,coast,purse,coast,nihatate,purse,0.6967952803160544,false
7,3,3,0.8,0.01,11,2,1,vitamin,bag,vitamin,fuwo,vitamin,0.7849950140466163,true
7,3,3,0.8,0.01,12,1,2,bag,bag,danger,qapamoma,bag,0.37169938812471465,true
7,3,3,0.8,0.01,13,2,1,danger,danger,meter,hene,meter,0.16416597038070807,false
7,3,3,0.8,0.01,14,1,2,vitamin,danger,vitamin,fuwo,vitamin,0.9828985338637146,true
7,3,3,0.8,0.01,15,2,1,meter,bag,meter,hene,meter,0.9992024005084582,true
7,3,3,0.8,0.01,16,1,2,cheek,threat,cheek,fuwo,cheek,0.20234026797188914,true
7,3,3,0.8,0.01,17,2,1,purse,purse,vitamin,qapamoma,purse,0.36377814360305083,true
7,3,3,0.8,0.01,18,1,2,shore,shore,vitamin,falu,shore,0.9739486036316622,true
7,3,3,0.8,0.01,19,2,1,meter,meter,vitamin,hene,meter,0.9996869000904112,true
7,3,3,0.8,0.01,20,1,2,game,meter,game,falu,game,0.999932549239234,true
7,3,3,0.8,0.01,21,2,1,shore,shore,coast,lipu,coast,0.47598194505949143,false
7,3,3,0.8,0.01,22,1,2,purse,purse,meter,qapamoma,purse,0.9999562866039242,true
7,3,3,0.8,0.01,23,2,1,game,game,vitamin,falu,game,0.9991464505878972,true
7,3,3,0.8,0.01,24,1,2,threat,threat,meter,loqi,threat,0.9998373003156351,true
7,3,3,0.8,0.01,25,2,1,threat,threat,shore,loqi,threat,0.9929687409713234,true
7,3,3,0.8,0.01,26,1,2,game,purse,game,falu,game,0.9999328038421492,true
7,3,3,0.8,0.01,27,2,1,danger,danger,shore,loqi,danger,0.9483086496637051,true
7,3,3,0.8,0.01,28,1,2,danger,purse,danger,loqi,danger,0.9956446814447408,true
7,3,3,0.8,0.01,29,2,1,cheek,coast,cheek,nihatate,coast,0.41770953054494897,false
7,3,3,0.8,0.01,30,1,2,coast,danger,coast,fuwo,danger,0.0517495756136465,false
7,3,3,0.8,0.01,31,2,1,vitamin,coast,vitamin,nihatate,vitamin,0.45523504486805083,true
7,3,3,0.8,0.01,32,1,2,vitamin,threat,vitamin,nihatate,vitamin,0.9999796544722512,true
7,3,3,0.8,0.01,33,2,1,bag,bag,cheek,fuwo,cheek,0.017005769558720334,false
7,3,3,0.8,0.01,34,1,2,danger,danger,game,loqi,danger,0.9915428874626606,true
7,3,3,0.8,0.01,35,2,1,bag,bag,shore,fuwo,bag,0.9949984504475126,true
7,3,3,0.8,0.01,36,1,2,shore,shore,game,qapamoma,game,0.7525183470783187,false
7,3,3,0.8,0.01,37,2,1,cheek,meter,cheek,fuwo,meter,0.691559683185643,false
7,3,3,0.8,0.01,38,1,2,bag,bag,threat,fuwo,bag,0.46428716187163577,true
7,3,3,0.8,0.01,39,2,1,purse,purse,bag,lipu,purse,0.9999631968483259,true
7,3,3,0.8,0.01,40,1,2,game,bag,game,qapamoma,game,0.619065809414971,true
7,3,3,0.8,0.01,41,2,1,shore,purse,shore,hene,purse,0.049740962774913286,false
7,3,3,0.8,0.01,42,1,2,threat,danger,threat,loqi,danger,0.2359006991566308,false
7,3,3,0.8,0.01,43,2,1,cheek,vitamin,cheek,fuwo,cheek,0.9965227442876317,true
7,3,3,0.8,0.01,44,1,2,cheek,game,cheek,fuwo,cheek,0.9997871833006962,true
7,3,3,0.8,0.01,45,2,1,bag,bag,coast,lipu,bag,0.8269257146143894,true
7,3,3,0.8,0.01,46,1,2,bag,bag,threat,lipu,bag,0.9895508292074796,true
7,3,3,0.8,0.01,47,2,1,game,meter,game,qapamoma,game,0.9792707805753529,true
7,3,3,0.8,0.01,48,1,2,bag,bag,game,lipu,bag,0.9999999772716379,true
7,3,3,0.8,0.01,49,2,1,vitamin,bag,vitamin,nihatate,vitamin,0.9981102250846389,true
7,3,3,0.8,0.01,50,1,2,bag,purse,bag,lipu,bag,0.9557536645794645,true
7,3,3,0.8,0.01,51,2,1,bag,bag,game,lipu,bag,0.9999991135850518,true
7,3,3,0.8,0.01,52,1,2,purse,purse,shore,loqi,purse,0.9432968984453275,true
7,3,3,0.8,0.01,53,2,1,game,game,cheek,qapamoma,game,0.9877304337240056,true
7,3,3,0.8,0.01,54,1,2,danger,bag,danger,hene,danger,0.99904976647775,true
7,3,3,0.8,0.01,55,2,1,coast,threat,coast,hene,coast,0.4183170947222785,true
7,3,3,0.8,0.01,56,1,2,threat,threat,shore,qapamoma,threat,0.9245504118061325,true
7,3,3,0.8,0.01,57,2,1,shore,shore,coast,loqi,shore,0.43134952175128016,true
7,3,3,0.8,0.01,58,1,2,danger,danger,cheek,hene,danger,0.9941042108575552,true
7,3,3,0.8,0.01,59,2,1,meter,threat,meter,qapamoma,threat,0.044696707396439,false
7,3,3,0.8,0.01,60,1,2,cheek,purse,cheek,hene,purse,0.13340570926515227,false
7,3,3,0.8,0.01,61,2,1,game,game,cheek,qapamoma,cheek,0.9318928499537612,false
7,3,3,0.8,0.01,62,1,2,danger,danger,threat,hene,danger,0.9729218858992438,true
7,3,3,0.8,0.01,63,2,1,purse,purse,shore,lipu,shore,0.0901785866315293,false
7,3,3,0.8,0.01,64,1,2,threat,threat,coast,loqi,threat,0.9538380820144802,true
7,3,3,0.8,0.01,65,2,1,shore,bag,shore,lipu,bag,0.13482068538576325,false
7,3,3,0.8,0.01,66,1,2,meter,purse,meter,nihatate,meter,0.6434638566683618,true
7,3,3,0.8,0.01,67,2,1,danger,danger,game,nihatate,game,0.02081421489461428,false
7,3,3,0.8,0.01,68,1,2,game,shore,game,qapamoma,shore,0.012563402260400681,false
7,3,3,0.8,0.01,69,2,1,purse,purse,danger,lipu,purse,0.9341658464717095,true
7,3,3,0.8,0.01,70,1,2,shore,shore,meter,qapamoma,shore,0.27093042933239153,true
7,3,3,0.8,0.01,71,2,1,vitamin,game,vitamin,lipu,game,0.27816575635551627,false
7,3,3,0.8,0.01,72,1,2,meter,meter,game,falu,meter,0.9994343917221583,true
7,3,3,0.8,0.01,73,2,1,coast,coast,vitamin,qapamoma,coast,0.7197970131428699,true
7,3,3,0.8,0.01,74,1,2,coast,coast,game,qapamoma,coast,0.9999647937131125,true
7,3,3,0.8,0.01,75,2,1,shore,shore,game,hene,game,0.5992201559181553,false
7,3,3,0.8,0.01,76,1,2,bag,bag,shore,lipu,shore,0.15741586161986226,false
7,3,3,0.8,0.01,77,2,1,vitamin,meter,vitamin,fuwo,vitamin,0.9939728677469466,true
7,3,3,0.8,0.01,78,1,2,danger,danger,threat,loqi,danger,0.469030721276527,true
7,3,3,0.8,0.01,79,2,1,danger,danger,meter,loqi,danger,0.9996113591321758,true
7,3,3,0.8,0.01,80,1,2,shore,shore,cheek,qapamoma,shore,0.9362166536139417,true
7,3,3,0.8,0.01,81,2,1,danger,danger,vitamin,loqi,danger,0.9960364520988618,true
7,3,3,0.8,0.01,82,1,2,meter,danger,meter,lipu,meter,0.9999822470905754,true
7,3,3,0.8,0.01,83,2,1,coast,coast,meter,qapamoma,coast,0.9999067018686176,true
7,3,3,0.8,0.01,84,1,2,game,coast,game,hene,game,0.9999123428902196,true
7,3,3,0.8,0.01,85,2,1,shore,shore,meter,qapamoma,shore,0.9999761990852507,true
7,3,3,0.8,0.01,86,1,2,game,game,vitamin,hene,game,0.9995698351832849,true
7,3,3,0.8,0.01,87,2,1,game,threat,game,hene,game,0.9999633271982953,true
7,3,3,0.8,0.01,88,1,2,meter,meter,cheek,nihatate,cheek,0.732183794845094,false
7,3,3,0.8,0.01,89,2,1,purse,purse,game,falu,purse,0.999989375291604,true
7,3,3,0.8,0.01,90,1,2,vitamin,danger,vitamin,fuwo,vitamin,0.7645833081289045,true
7,3,3,0.8,0.01,91,2,1,purse,purse,coast,falu,purse,0.9830103984186708,true
7,3,3,0.8,0.01,92,1,2,purse,purse,game,hene,game,9.112538480845222e-9,false
7,3,3,0.8,0.01,93,2,1,meter,bag,meter,nihatate,meter,0.3344979944703239,true
7,3,3,0.8,0.01,94,1,2,shore,shore,vitamin,fuwo,vitamin,0.0019999490616102963,false
7,3,3,0.8,0.01,95,2,1,danger,danger,cheek,qapamoma,danger,0.6968114637191185,true
7,3,3,0.8,0.01,96,1,2,cheek,threat,cheek,lipu,cheek,0.7910033923165347,true
7,3,3,0.8,0.01,97,2,1,bag,bag,danger,qapamoma,danger,0.023688046493177,false
7,3,3,0.8,0.01,98,1,2,bag,bag,vitamin,qapamoma,vitamin,0.20817415673735296,false
7,3,3,0.8,0.01,99,2,1,shore,shore,coast,fuwo,shore,0.6320051160310327,true
7,3,3,0.8,0.01,100,1,2,purse,purse,bag,hene,purse,0.44738472666734036,true
7,3,3,0.8,0.01,101,2,1,vitamin,threat,vitamin,hene,threat,0.00026467317311964074,false
7,3,3,0.8,0.01,102,1,2,cheek,meter,cheek,lipu,cheek,0.9970645466342567,true
7,3,3,0.8,0.01,103,2,1,coast,danger,coast,hene,coast,0.5465043240708859,true
7,3,3,0.8,0.01,104,1,2,meter,bag,meter,fuwo,bag,0.025881839439207334,false
7,3,3,0.8,0.01,105,2,1,shore,danger,shore,fuwo,shore,0.9815575225425773,true
7,3,3,0.8,0.01,106,1,2,cheek,shore,cheek,lipu,cheek,0.9999992207103626,true
7,3,3,0.8,0.01,107,2,1,vitamin,coast,vitamin,loqi,coast,0.05120312399879022,false
7,3,3,0.8,0.01,108,1,2,cheek,purse,cheek,lipu,cheek,0.9811885580409381,true
7,3,3,0.8,0.01,109,2,1,coast,coast,cheek,loqi,coast,0.9999947009844976,true
7,3,3,0.8,0.01,110,1,2,cheek,coast,cheek,lipu,cheek,0.9999999778754376,true
7,3,3,0.8,0.01,111,2,1,threat,threat,vitamin,hene,vitamin,0.10080214687975436,false
7,3,3,0.8,0.01,112,1,2,vitamin,vitamin,cheek,loqi,cheek,0.0021939062979519372,false
7,3,3,0.8,0.01,113,2,1,purse,purse,meter,qapamoma,meter,0.33722493432529566,false
7,3,3,0.8,0.01,114,1,2,game,danger,game,falu,game,0.728132244520413,true
7,3,3,0.8,0.01,115,2,1,coast,coast,meter,loqi,coast,0.9476774197680687,true
7,3,3,0.8,0.01,116,1,2,game,threat,game,falu,game,0.9984655747672908,true
7,3,3,0.8,0.01,117,2,1,danger,danger,coast,nihatate,danger,0.4115935328730969,true
7,3,3,0.8,0.01,118,1,2,threat,threat,cheek,nihatate,threat,0.5647401506768087,true
7,3,3,0.8,0.01,119,2,1,cheek,bag,cheek,fuwo,bag,0.0097972408349134,false
7,3,3,0.8,0.01,120,1,2,shore,shore,vitamin,hene,vitamin,0.10798565043502001,false
8,3,3,0.8,0.01,0,1,2,threat,threat,coast,falu,coast,0.40938215116982524,false
8,3,3,0.8,0.01,1,2,1,bag,bag,coast,qapamoma,bag,0.9901696920873175,true
8,3,3,0.8,0.01,2,1,2,coast,coast,meter,falu,meter,0.48199875674613624,false
8,3,3,0.8,0.01,3,2,1,shore,shore,cheek,loqi,cheek,0.5935627843373854,false
8,3,3,0.8,0.01,4,1,2,purse,purse,cheek,falu,purse,0.9995940090309936,true
8,3,3,0.8,0.01,5,2,1,game,coast,game,hene,coast,0.11875863674387074,false
8,3,3,0.8,0.01,6,1,2,purse,purse,threat,falu,threat,0.8669271204866764,false
8,3,3,0.8,0.01,7,2,1,meter,shore,meter,lipu,shore,0.111914142264415,false
8,3,3,0.8,0.01,8,1,2,danger,danger,cheek,loqi,cheek,0.09691567722081189,false
8,3,3,0.8,0.01,9,2,1,threat,threat,game,falu,game,0.7117988284243573,false
8,3,3,0.8,0.01,10,1,2,coast,purse,coast,nihatate,purse,0.04525956721646231,false
8,3,3,0.8,0.01,11,2,1,vitamin,bag,vitamin,nihatate,bag,0.29463995388878816,false
8,3,3,0.8,0.01,12,1,2,bag,bag,danger,fuwo,danger,0.005277097564865124,false
8,3,3,0.8,0.01,13,2,1,danger,danger,meter,falu,meter,0.00407144206091804,false
8,3,3,0.8,0.01,14,1,2,vitamin,danger,vitamin,nihatate,danger,0.1421111513680573,false
8,3,3,0.8,0.01,15,2,1,meter,bag,meter,falu,bag,0.7726589405123594,false
8,3,3,0.8,0.01,16,1,2,cheek,threat,cheek,loqi,cheek,0.23732168102440157,true
8,3,3,0.8,0.01,17,2,1,purse,purse,vitamin,falu,vitamin,0.1858328194660666,false
8,3,3,0.8,0.01,18,1,2,shore,shore,vitamin,fuwo,shore,0.9991212809754734,true
8,3,3,0.8,0.01,19,2,1,meter,meter,vitamin,falu,meter,0.9871295557691336,true
8,3,3,0.8,0.01,20,1,2,game,meter,game,qapamoma,game,0.9982375930125236,true
8,3,3,0.8,0.01,21,2,1,shore,shore,coast,nihatate,coast,0.07923147222729146,false
8,3,3,0.8,0.01,22,1,2,purse,purse,meter,lipu,purse,0.9998980472433938,true
8,3,3,0.8,0.01,23,2,1,game,game,vitamin,qapamoma,game,0.9996534966301642,true
8,3,3,0.8,0.01,24,1,2,threat,threat,meter,loqi,threat,0.9794195247238727,true
8,3,3,0.8,0.01,25,2,1,threat,threat,shore,loqi,threat,0.9979166447309222,true
8,3,3,0.8,0.01,26,1,2,game,purse,game,qapamoma,game,0.9999365318400956,true
8,3,3,0.8,0.01,27,2,1,danger,danger,shore,lipu,danger,0.8108281108480374,true
8,3,3,0.8,0.01,28,1,2,danger,purse,danger,hene,purse,0.0011949401941971488,false
8,3,3,0.8,0.01,29,2,1,cheek,coast,cheek,loqi,cheek,0.8217786257994039,true
8,3,3,0.8,0.01,30,1,2,coast,danger,coast,fuwo,coast,0.3086603828847954,true
8,3,3,0.8,0.01,31,2,1,vitamin,coast,vitamin,qapamoma,vitamin,0.9920543238678344,true
8,3,3,0.8,0.01,32,1,2,vitamin,threat,vitamin,qapamoma,vitamin,0.9999024055313896,true
8,3,3,0.8,0.01,33,2,1,bag,bag,cheek,falu,cheek,0.16117883724345614,false
8,3,3,0.8,0.01,34,1,2,danger,danger,game,falu,game,0.21357622353125028,false
8,3,3,0.8,0.01,35,2,1,bag,bag,shore,nihatate,bag,0.8793577485663981,true
8,3,3,0.8,0.01,36,1,2,shore,shore,game,hene,shore,0.24998062142528454,true
8,3,3,0.8,0.01,37,2,1,cheek,meter,cheek,falu,cheek,0.6336660373988185,true
8,3,3,0.8,0.01,38,1,2,bag,bag,threat,nihatate,bag,0.9735108047484909,true
8,3,3,0.8,0.01,39,2,1,purse,purse,bag,nihatate,bag,0.00029654231718448653,false
8,3,3,0.8,0.01,40,1,2,game,bag,game,falu,game,0.9999711591799059,true
8,3,3,0.8,0.01,41,2,1,shore,purse,shore,hene,shore,0.9095425856539837,true
8,3,3,0.8,0.01,42,1,2,threat,danger,threat,lipu,danger,0.4408227435766556,false
8,3,3,0.8,0.01,43,2,1,cheek,vitamin,cheek,falu,cheek,0.9945165385549042,true
8,3,3,0.8,0.01,44,1,2,cheek,game,cheek,falu,cheek,0.9957618793506946,true
8,3,3,0.8,0.01,45,2,1,bag,bag,coast,nihatate,bag,0.9377598238555342,true
8,3,3,0.8,0.01,46,1,2,bag,bag,threat,nihatate,bag,0.9999773817441316,true
8,3,3,0.8,0.01,47,2,1,game,meter,game,falu,game,0.6444383467329531,true
8,3,3,0.8,0.01,48,1,2,bag,bag,game,nihatate,bag,0.9999999761840498,true
8,3,3,0.8,0.01,49,2,1,vitamin,bag,vitamin,hene,vitamin,0.9999342153014297,true
8,3,3,0.8,0.01,50,1,2,bag,purse,bag,nihatate,bag,0.9999752009632138,true
8,3,3,0.8,0.01,51,2,1,bag,bag,game,nihatate,bag,0.999991704898867,true
8,3,3,0.8,0.01,52,1,2,purse,purse,shore,qapamoma,purse,0.7155743820882694,true
8,3,3,0.8,0.01,53,2,1,game,game,cheek,falu,game,0.799825406216179,true
8,3,3,0.8,0.01,54,1,2,danger,bag,danger,loqi,danger,0.9999939030062712,true
8,3,3,0.8,0.01,55,2,1,coast,threat,coast,qapamoma,threat,0.7189138538851618,false
8,3,3,0.8,0.01,56,1,2,threat,threat,shore,nihatate,shore,0.05000986002230715,false
8,3,3,0.8,0.01,57,2,1,shore,shore,coast,hene,coast,0.18373457756818415,false
8,3,3,0.8,0.01,58,1,2,danger,danger,cheek,loqi,danger,0.9594881470017588,true
8,3,3,0.8,0.01,59,2,1,meter,threat,meter,qapamoma,threat,0.5815668358410384,false
8,3,3,0.8,0.01,60,1,2,cheek,purse,cheek,lipu,cheek,0.5340630125666033,true
8,3,3,0.8,0.01,61,2,1,game,game,cheek,falu,game,0.9999965031882537,true
8,3,3,0.8,0.01,62,1,2,danger,danger,threat,loqi,danger,0.9881951745924018,true
8,3,3,0.8,0.01,63,2,1,purse,purse,shore,fuwo,shore,0.22842301400756604,false
8,3,3,0.8,0.01,64,1,2,threat,threat,coast,nihatate,threat,0.9186685413027456,true
8,3,3,0.8,0.01,65,2,1,shore,bag,shore,fuwo,shore,0.15515820914615297,true
8,3,3,0.8,0.01,66,1,2,meter,purse,meter,qapamoma,purse,0.32287442264034255,false
8,3,3,0.8,0.01,67,2,1,danger,danger,game,falu,game,0.00007812405267692668,false
8,3,3,0.8,0.01,68,1,2,game,shore,game,qapamoma,shore,0.20708843667258386,false
8,3,3,0.8,0.01,69,2,1,purse,purse,danger,falu,danger,0.005976002807864209,false
8,3,3,0.8,0.01,70,1,2,shore,shore,meter,qapamoma,meter,0.000504638876595881,false
8,3,3,0.8,0.01,71,2,1,vitamin,game,vitamin,fuwo,game,0.18577552383520535,false
8,3,3,0.8,0.01,72,1,2,meter,meter,game,qapamoma,meter,0.9850896984782135,true
8,3,3,0.8,0.01,73,2,1,coast,coast,vitamin,lipu,vitamin,0.4491798635671424,false
8,3,3,0.8,0.01,74,1,2,coast,coast,game,lipu,coast,0.9914332603143338,true
8,3,3,0.8,0.01,75,2,1,shore,shore,game,lipu,shore,0.9744575280391042,true
8,3,3,0.8,0.01,76,1,2,bag,bag,shore,loqi,shore,0.9589468104967181,false
8,3,3,0.8,0.01,77,2,1,vitamin,meter,vitamin,lipu,vitamin,0.9999419328814346,true
8,3,3,0.8,0.01,78,1,2,danger,danger,threat,fuwo,threat,0.3302999218660575,false
8,3,3,0.8,0.01,79,2,1,danger,danger,meter,fuwo,danger,0.9969831228279281,true
8,3,3,0.8,0.01,80,1,2,shore,shore,cheek,lipu,cheek,0.8748839966514839,false
8,3,3,0.8,0.01,81,2,1,danger,danger,vitamin,fuwo,danger,0.5339898282066082,true
8,3,3,0.8,0.01,82,1,2,meter,danger,meter,qapamoma,meter,0.9997054237713746,true
8,3,3,0.8,0.01,83,2,1,coast,coast,meter,lipu,coast,0.9999975194998816,true
8,3,3,0.8,0.01,84,1,2,game,coast,game,fuwo,game,0.9972562450307689,true
8,3,3,0.8,0.01,85,2,1,shore,shore,meter,qapamoma,meter,0.000424327889336164,false
8,3,3,0.8,0.01,86,1,2,game,game,vitamin,fuwo,game,0.9982632911012898,true
8,3,3,0.8,0.01,87,2,1,game,threat,game,fuwo,game,0.9996031687722869,true
8,3,3,0.8,0.01,88,1,2,meter,meter,cheek,qapamoma,meter,0.9999950801537901,true
8,3,3,0.8,0.01,89,2,1,purse,purse,game,loqi,purse,0.9999815211144303,true
8,3,3,0.8,0.01,90,1,2,vitamin,danger,vitamin,falu,vitamin,0.38642876195603276,true
8,3,3,0.8,0.01,91,2,1,purse,purse,coast,loqi,purse,0.9701147756338753,true
8,3,3,0.8,0.01,92,1,2,purse,purse,game,loqi,purse,0.99999972549928,true
8,3,3,0.8,0.01,93,2,1,meter,bag,meter,qapamoma,meter,0.9716386605309064,true
8,3,3,0.8,0.01,94,1,2,shore,shore,vitamin,lipu,shore,0.7892995906207211,true
8,3,3,0.8,0.01,95,2,1,danger,danger,cheek,hene,cheek,0.768612153887022,false
8,3,3,0.8,0.01,96,1,2,cheek,threat,cheek,qapamoma,threat,0.0007487112955131266,false
8,3,3,0.8,0.01,97,2,1,bag,bag,danger,lipu,danger,0.15133625523664815,false
8,3,3,0.8,0.01,98,1,2,bag,bag,vitamin,lipu,bag,0.43893670462259726,true
8,3,3,0.8,0.01,99,2,1,shore,shore,coast,lipu,coast,0.5705284787206837,false
8,3,3,0.8,0.01,100,1,2,purse,purse,bag,nihatate,bag,0.18121402928811503,false
8,3,3,0.8,0.01,101,2,1,vitamin,threat,vitamin,fuwo,vitamin,0.706939449321891,true
8,3,3,0.8,0.01,102,1,2,cheek,meter,cheek,hene,cheek,0.9682540642260555,true
8,3,3,0.8,0.01,103,2,1,coast,danger,coast,lipu,danger,0.7171153921401578,false
8,3,3,0.8,0.01,104,1,2,meter,bag,meter,qapamoma,meter,0.5061048839791608,true
8,3,3,0.8,0.01,105,2,1,shore,danger,shore,hene,danger,0.5209518910208785,false
8,3,3,0.8,0.01,106,1,2,cheek,shore,cheek,hene,cheek,0.9931985239739582,true
8,3,3,0.8,0.01,107,2,1,vitamin,coast,vitamin,fuwo,vitamin,0.6512765137547039,true
8,3,3,0.8,0.01,108,1,2,cheek,purse,cheek,hene,cheek,0.9959510236997648,true
8,3,3,0.8,0.01,109,2,1,coast,coast,cheek,lipu,coast,0.9999996140524247,true
8,3,3,0.8,0.01,110,1,2,cheek,coast,cheek,hene,cheek,0.9999998983153365,true
8,3,3,0.8,0.01,111,2,1,threat,threat,vitamin,loqi,vitamin,0.26242577821401214,false
8,3,3,0.8,0.01,112,1,2,vitamin,vitamin,cheek,fuwo,vitamin,0.978260145800086,true
8,3,3,0.8,0.01,113,2,1,purse,purse,meter,qapamoma,meter,0.3435240117723065,false
8,3,3,0.8,0.01,114,1,2,game,danger,game,nihatate,game,0.42587086487644576,true
8,3,3,0.8,0.01,115,2,1,coast,coast,meter,lipu,coast,0.9824474214812017,true
8,3,3,0.8,0.01,116,1,2,game,threat,game,nihatate,game,0.9994809428055818,true
8,3,3,0.8,0.01,117,2,1,danger,danger,coast,loqi,danger,0.8532559093274319,true
8,3,3,0.8,0.01,118,1,2,threat,threat,cheek,loqi,threat,0.12213091312162591,true
8,3,3,0.8,0.01,119,2,1,cheek,bag,cheek,hene,cheek,0.9786421230293176,true
8,3,3,0.8,0.01,120,1,2,shore,shore,vitamin,lipu,shore,0.6185909312507338,true
9,3,3,0.8,0.01,0,1,2,threat,threat,coast,qapamoma,threat,0.549856538786647,true
9,3,3,0.8,0.01,1,2,1,bag,bag,coast,fuwo,coast,0.38785828007149376,false
9,3,3,0.8,0.01,2,1,2,coast,coast,meter,loqi,meter,0.0011790627559060505,false
9,3,3,0.8,0.01,3,2,1,shore,shore,cheek,falu,cheek,0.3981674629867912,false
9,3,3,0.8,0.01,4,1,2,purse,purse,cheek,hene,purse,0.9999067413247322,true
9,3,3,0.8,0.01,5,2,1,game,coast,game,fuwo,coast,0.26736218554877045,false
9,3,3,0.8,0.01,6,1,2,purse,purse,threat,hene,purse,0.994826185642949,true
9,3,3,0.8,0.01,7,2,1,meter,shore,meter,loqi,meter,0.932112643330568,true
9,3,3,0.8,0.01,8,1,2,danger,danger,cheek,qapamoma,danger,0.9783647099570181,true
9,3,3,0.8,0.01,9,2,1,threat,threat,game,lipu,threat,0.025038400857447643,true
9,3,3,0.8,0.01,10,1,2,coast,purse,coast,fuwo,coast,0.9608379159436022,true
9,3,3,0.8,0.01,11,2,1,vitamin,bag,vitamin,loqi,bag,0.5114704843224431,false
9,3,3,0.8,0.01,12,1,2,bag,bag,danger,lipu,danger,0.0020084976960665496,false
9,3,3,0.8,0.01,13,2,1,danger,danger,meter,qapamoma,danger,0.05033900070506183,true
9,3,3,0.8,0.01,14,1,2,vitamin,danger,vitamin,loqi,vitamin,0.9992432591147776,true
9,3,3,0.8,0.01,15,2,1,meter,bag,meter,lipu,meter,0.9766964097962824,true
9,3,3,0.8,0.01,16,1,2,cheek,threat,cheek,nihatate,threat,0.4149894612333587,false
9,3,3,0.8,0.01,17,2,1,purse,purse,vitamin,loqi,vitamin,0.00011190302410483787,false
9,3,3,0.8,0.01,18,1,2,shore,shore,vitamin,fuwo,shore,0.9999972267719985,true
9,3,3,0.8,0.01,19,2,1,meter,meter,vitamin,lipu,meter,0.9998417827245832,true
9,3,3,0.8,0.01,20,1,2,game,meter,game,hene,game,0.9998868054555662,true
9,3,3,0.8,0.01,21,2,1,shore,shore,coast,fuwo,shore,0.9650182421429274,true
9,3,3,0.8,0.01,22,1,2,purse,purse,meter,falu,purse,0.9999659958418797,true
9,3,3,0.8,0.01,23,2,1,game,game,vitamin,hene,game,0.9997420395713845,true
9,3,3,0.8,0.01,24,1,2,threat,threat,meter,loqi,threat,0.9986074584795884,true
9,3,3,0.8,0.01,25,2,1,threat,threat,shore,loqi,threat,0.9977936000510128,true
9,3,3,0.8,0.01,26,1,2,game,purse,game,hene,game,0.9990415217237456,true
9,3,3,0.8,0.01,27,2,1,danger,danger,shore,loqi,danger,0.9594627053714077,true
9,3,3,0.8,0.01,28,1,2,danger,purse,danger,loqi,danger,0.9939571849824973,true
9,3,3,0.8,0.01,29,2,1,cheek,coast,cheek,nihatate,coast,0.5152736396078464,false
9,3,3,0.8,0.01,30,1,2,coast,danger,coast,lipu,danger,0.006972982977992521,false
9,3,3,0.8,0.01,31,2,1,vitamin,coast,vitamin,nihatate,coast,0.5990968342657494,false
9,3,3,0.8,0.01,32,1,2,vitamin,threat,vitamin,nihatate,threat,0.4472621074084795,false
9,3,3,0.8,0.01,33,2,1,bag,bag,cheek,loqi,bag,0.18540108785633505,true
9,3,3,0.8,0.01,34,1,2,danger,danger,game,loqi,danger,0.9752465167593771,true
9,3,3,0.8,0.01,35,2,1,bag,bag,shore,loqi,bag,0.9976058186238075,true
9,3,3,0.8,0.01,36,1,2,shore,shore,game,falu,game,0.4939195007626914,false
9,3,3,0.8,0.01,37,2,1,cheek,meter,cheek,qapamoma,cheek,0.5134000542435628,true
9,3,3,0.8,0.01,38,1,2,bag,bag,threat,loqi,bag,0.9869967278173962,true
9,3,3,0.8,0.01,39,2,1,purse,purse,bag,fuwo,purse,0.9999101918786124,true
9,3,3,0.8,0.01,40,1,2,game,bag,game,falu,game,0.9731879168459231,true
9,3,3,0.8,0.01,41,2,1,shore,purse,shore,falu,purse,0.02395433491092476,false
9,3,3,0.8,0.01,42,1,2,threat,danger,threat,qapamoma,danger,0.4596294132807453,false
9,3,3,0.8,0.01,43,2,1,cheek,vitamin,cheek,lipu,vitamin,0.8929739739381092,false
9,3,3,0.8,0.01,44,1,2,cheek,game,cheek,nihatate,cheek,0.1667681725658775,true
9,3,3,0.8,0.01,45,2,1,bag,bag,coast,loqi,coast,0.7819657393435222,false
9,3,3,0.8,0.01,46,1,2,bag,bag,threat,loqi,bag,0.88920520958278,true
9,3,3,0.8,0.01,47,2,1,game,meter,game,falu,game,0.9453648014068877,true
9,3,3,0.8,0.01,48,1,2,bag,bag,game,loqi,bag,0.9999999184975932,true
9,3,3,0.8,0.01,49,2,1,vitamin,bag,vitamin,lipu,vitamin,0.9999589308063094,true
9,3,3,0.8,0.01,50,1,2,bag,purse,bag,loqi,purse,0.8698559384888274,false
9,3,3,0.8,0.01,51,2,1,bag,bag,game,loqi,bag,0.9997948309865126,true
9,3,3,0.8,0.01,52,1,2,purse,purse,shore,loqi,purse,0.9646093820290567,true
9,3,3,0.8,0.01,53,2,1,game,game,cheek,falu,game,0.9896989786721708,true
9,3,3,0.8,0.01,54,1,2,danger,bag,danger,fuwo,danger,0.9996770805807258,true
9,3,3,0.8,0.01,55,2,1,coast,threat,coast,nihatate,coast,0.598606160499579,true
9,3,3,0.8,0.01,56,1,2,threat,threat,shore,hene,threat,0.8624609630921396,true
9,3,3,0.8,0.01,57,2,1,shore,shore,coast,hene,shore,0.7811204577937441,true
9,3,3,0.8,0.01,58,1,2,danger,danger,cheek,fuwo,danger,0.9879323466043705,true
9,3,3,0.8,0.01,59,2,1,meter,threat,meter,falu,meter,0.9882816503213379,true
9,3,3,0.8,0.01,60,1,2,cheek,purse,cheek,lipu,purse,0.43649720237388623,false
9,3,3,0.8,0.01,61,2,1,game,game,cheek,lipu,game,0.8289097559353614,true
9,3,3,0.8,0.01,62,1,2,danger,danger,threat,fuwo,threat,0.8174460267739576,false
9,3,3,0.8,0.01,63,2,1,purse,purse,shore,loqi,shore,0.06568886759078221,false
9,3,3,0.8,0.01,64,1,2,threat,threat,coast,fuwo,threat,0.9977989268133358,true
9,3,3,0.8,0.01,65,2,1,shore,bag,shore,loqi,bag,0.0356866804648735,false
9,3,3,0.8,0.01,66,1,2,meter,purse,meter,falu,meter,0.9111883027243404,true
9,3,3,0.8,0.01,67,2,1,danger,danger,game,fuwo,game,0.03417613466185234,false
9,3,3,0.8,0.01,68,1,2,game,shore,game,nihatate,shore,0.008881677938054893,false
9,3,3,0.8,0.01,69,2,1,purse,purse,danger,lipu,purse,0.8803460439939246,true
9,3,3,0.8,0.01,70,1,2,shore,shore,meter,nihatate,meter,0.2629029582734509,false
9,3,3,0.8,0.01,71,2,1,vitamin,game,vitamin,falu,vitamin,0.3427418715792694,true
9,3,3,0.8,0.01,72,1,2,meter,meter,game,nihatate,game,0.24661404944543128,false
9,3,3,0.8,0.01,73,2,1,coast,coast,vitamin,qapamoma,vitamin,0.49877547229660146,false
9,3,3,0.8,0.01,74,1,2,coast,coast,game,qapamoma,coast,0.8055993042061071,true
9,3,3,0.8,0.01,75,2,1,shore,shore,game,lipu,shore,0.9995055027606192,true
9,3,3,0.8,0.01,76,1,2,bag,bag,shore,loqi,bag,0.9737307447338133,true
9,3,3,0.8,0.01,77,2,1,vitamin,meter,vitamin,qapamoma,vitamin,0.872803864490983,true
9,3,3,0.8,0.01,78,1,2,danger,danger,threat,lipu,threat,0.48933566346088314,false
9,3,3,0.8,0.01,79,2,1,danger,danger,meter,lipu,danger,0.9477661584257794,true
9,3,3,0.8,0.01,80,1,2,shore,shore,cheek,fuwo,shore,0.5993723394261735,true
9,3,3,0.8,0.01,81,2,1,danger,danger,vitamin,lipu,danger,0.9571259913386659,true
9,3,3,0.8,0.01,82,1,2,meter,danger,meter,falu,meter,0.9999859768361828,true
9,3,3,0.8,0.01,83,2,1,coast,coast,meter,lipu,coast,0.9999434186027637,true
9,3,3,0.8,0.01,84,1,2,game,coast,game,qapamoma,coast,0.44656001048371996,false
9,3,3,0.8,0.01,85,2,1,shore,shore,meter,loqi,shore,0.9997781315313509,true
9,3,3,0.8,0.01,86,1,2,game,game,vitamin,hene,vitamin,0.09244785207137463,false
9,3,3,0.8,0.01,87,2,1,game,threat,game,hene,game,0.22402770186495047,true
9,3,3,0.8,0.01,88,1,2,meter,meter,cheek,fuwo,meter,0.7010686350514743,true
9,3,3,0.8,0.01,89,2,1,purse,purse,game,lipu,game,0.22639791239771287,false
9,3,3,0.8,0.01,90,1,2,vitamin,danger,vitamin,hene,danger,0.3508456076288016,false
9,3,3,0.8,0.01,91,2,1,purse,purse,coast,falu,coast,0.5460520213257198,false
9,3,3,0.8,0.01,92,1,2,purse,purse,game,lipu,game,0.06176119228272367,false
9,3,3,0.8,0.01,93,2,1,meter,bag,meter,fuwo,meter,0.7373091297801233,true
9,3,3,0.8,0.01,94,1,2,shore,shore,vitamin,lipu,vitamin,0.0818999947535433,false
9,3,3,0.8,0.01,95,2,1,danger,danger,cheek,nihatate,cheek,0.30915208030500424,false
9,3,3,0.8,0.01,96,1,2,cheek,threat,cheek,hene,threat,0.00010733244199720927,false
9,3,3,0.8,0.01,97,2,1,bag,bag,danger,fuwo,bag,0.886513054102144,true
9,3,3,0.8,0.01,98,1,2,bag,bag,vitamin,loqi,vitamin,0.002688635244374021,false
9,3,3,0.8,0.01,99,2,1,shore,shore,coast,lipu,shore,0.5567270663697353,true
9,3,3,0.8,0.01,100,1,2,purse,purse,bag,hene,purse,0.8848614517997977,true
9,3,3,0.8,0.01,101,2,1,vitamin,threat,vitamin,lipu,threat,0.0022019233313693206,false
9,3,3,0.8,0.01,102,1,2,cheek,meter,cheek,qapamoma,cheek,0.6588169035714468,true
9,3,3,0.8,0.01,103,2,1,coast,danger,coast,qapamoma,coast,0.6431583399000055,true
9,3,3,0.8,0.01,104,1,2,meter,bag,meter,nihatate,bag,0.15300263333232528,false
9,3,3,0.8,0.01,105,2,1,shore,danger,shore,lipu,shore,0.9824840659055503,true
9,3,3,0.8,0.01,106,1,2,cheek,shore,cheek,qapamoma,cheek,0.9997241886015278,true
9,3,3,0.8,0.01,107,2,1,vitamin,coast,vitamin,nihatate,coast,0.09922714961298115,false
9,3,3,0.8,0.01,108,1,2,cheek,purse,cheek,qapamoma,cheek,0.9998838911652923,true
9,3,3,0.8,0.01,109,2,1,coast,coast,cheek,nihatate,coast,0.999783622745527,true
9,3,3,0.8,0.01,110,1,2,cheek,coast,cheek,qapamoma,cheek,0.9999999779523241,true
9,3,3,0.8,0.01,111,2,1,threat,threat,vitamin,loqi,vitamin,0.14193553824387037,false
9,3,3,0.8,0.01,112,1,2,vitamin,vitamin,cheek,nihatate,cheek,0.7119010396855243,false
9,3,3,0.8,0.01,113,2,1,purse,purse,meter,hene,purse,0.2182526360242555,true
9,3,3,0.8,0.01,114,1,2,game,danger,game,lipu,danger,0.44650926302212224,false
9,3,3,0.8,0.01,115,2,1,coast,coast,meter,nihatate,coast,0.9023195397521449,true
9,3,3,0.8,0.01,116,1,2,game,threat,game,loqi,threat,0.3943253916865326,false
9,3,3,0.8,0.01,117,2,1,danger,danger,coast,falu,coast,0.0900809438962167,false
9,3,3,0.8,0.01,118,1,2,threat,threat,cheek,loqi,threat,0.7679188177787254,true
9,3,3,0.8,0.01,119,2,1,cheek,bag,cheek,qapamoma,cheek,0.9851247158317067,true
9,3,3,0.8,0.01,120,1,2,shore,shore,vitamin,qapamoma,vitamin,0.13130483287813938,false
